Attack,Model,Seed,Precision,Recall,F1,PR-AUC,attack_steps,steps
Acceleration Multiplication,RandomForest,0,0.7035263387026557,0.7869491112734356,0.7429031145845305,0.8223657260579447,4107,44259
Constant Position Offset,RandomForest,0,0.8337779025691422,0.6818599311136625,0.7502052674793154,0.8026594970800358,8710,44259
Constant Speed Offset,RandomForest,0,0.8714036617262424,0.8984269662921348,0.884709006417349,0.9411784962088553,8900,44259
Data Replay,RandomForest,0,0.6404298576822538,0.2522017614091273,0.361890694239291,0.41668025279931886,8743,44259
DoS,RandomForest,0,0.8689150493159402,1.0,0.9298604017705141,0.9978320416842338,8193,44259
Feigned Braking,RandomForest,0,0.6764842300556586,0.8343821510297483,0.7471823770491803,0.8530042685684606,3496,44259
Position Mirroring,RandomForest,0,0.6178887484197219,0.20326471199833646,0.3058989203567517,0.40336701065634717,9618,44259
Random Position Offset,RandomForest,0,0.8705295553433089,0.9907004830917875,0.926735581539852,0.9885397628530291,8280,44259
Random Speed Offset,RandomForest,0,0.8668743956162028,0.9611627352871098,0.9115869159934467,0.9714258792061594,8394,44259
Reversed Heading,RandomForest,0,0.8696170951296236,0.9696419932268989,0.9169097043518042,0.9879730446465478,8268,44259
Sudden Constant Speed,RandomForest,0,0.4550379198266522,0.8020369191597708,0.5806451612903226,0.7257926065803108,1571,44259
Sudden Stop,RandomForest,0,0.7102473498233216,0.9692893401015228,0.8197917784694644,0.9131799705172141,3940,44259
Time Delay,RandomForest,0,0.1889920424403183,0.032834101382488476,0.05594817432273263,0.18200587210416974,8680,44259
Traffic Congestion Sybil,RandomForest,0,0.9601616780704304,0.9169925570833859,0.938080735081561,0.9773173416659391,39635,83894
Zero Speed Report,RandomForest,0,0.8724628583385645,0.9915576694411415,0.9282056990204809,0.9904895698538919,8410,44259
Acceleration Multiplication,XGBoost,0,0.6887553970339778,0.8933528122717312,0.7778248887004452,0.9064299644433498,4107,44259
Constant Position Offset,XGBoost,0,0.8136450642603227,0.6832376578645235,0.7427608587119321,0.8050527166910367,8710,44259
Constant Speed Offset,XGBoost,0,0.8545416271971371,0.912247191011236,0.8824520406499646,0.9644032349413665,8900,44259
Data Replay,XGBoost,0,0.5961381561055208,0.250714857600366,0.3529790660225443,0.4489873685713226,8743,44259
DoS,XGBoost,0,0.8478733312635828,1.0,0.9176747311827957,0.999999686807786,8193,44259
Feigned Braking,XGBoost,0,0.6681214044832374,0.9633867276887872,0.7890359611104604,0.9603015247415183,3496,44259
Position Mirroring,XGBoost,0,0.5880851063829787,0.2155333749220212,0.31545309290116413,0.43614659942163264,9618,44259
Random Position Offset,XGBoost,0,0.8537652327882512,0.989975845410628,0.9168391029584475,0.9967015739768488,8280,44259
Random Speed Offset,XGBoost,0,0.8449937159614579,0.9611627352871098,0.8993423252703154,0.9845971956540914,8394,44259
Reversed Heading,XGBoost,0,0.8519033361847733,0.9635945815191098,0.9043132803632236,0.9879219013396354,8268,44259
Sudden Constant Speed,XGBoost,0,0.4210217263652378,0.9127943984723106,0.5762507534659433,0.8683336877603514,1571,44259
Sudden Stop,XGBoost,0,0.6849554429495021,0.9949238578680203,0.811342233260892,0.9204270794004503,3940,44259
Time Delay,XGBoost,0,0.1758055398530243,0.035829493087557604,0.059527227485883814,0.18175025047476015,8680,44259
Traffic Congestion Sybil,XGBoost,0,0.9522085640956369,0.8892645389176234,0.9196607958251793,0.9749798903374675,39635,83894
Zero Speed Report,XGBoost,0,0.8496439471007121,0.993103448275862,0.9157894736842105,0.9956130371662688,8410,44259
Acceleration Multiplication,GRU,0,0.6565733997700268,0.8341855368882396,0.734798927613941,0.8469277988890016,4107,44259
Constant Position Offset,GRU,0,0.8418161845477847,0.7918484500574052,0.8160681535822043,0.8788760839748718,8710,44259
Constant Speed Offset,GRU,0,0.8670071501532176,0.9537078651685393,0.9082932049224184,0.9842769416678561,8900,44259
Data Replay,GRU,0,0.8170480687734593,0.7718174539631706,0.7937889660039995,0.8632895888635037,8743,44259
DoS,GRU,0,0.8599769077359085,1.0,0.9247178329571106,0.9999994039732558,8193,44259
Feigned Braking,GRU,0,0.6778453154474953,0.9250572082379863,0.7823878069432684,0.9387665595489081,3496,44259
Position Mirroring,GRU,0,0.7766289184309864,0.49199417758369723,0.6023804977404367,0.708802433680921,9618,44259
Random Position Offset,GRU,0,0.8635792120704108,0.9954106280193237,0.9248204667863554,0.9976485598365307,8280,44259
Random Speed Offset,GRU,0,0.8592161016949152,0.9662854419823683,0.909610855668947,0.9878369917130408,8394,44259
Reversed Heading,GRU,0,0.8533518064584887,0.9684325108853411,0.9072573791853152,0.9889629555679642,8268,44259
Sudden Constant Speed,GRU,0,0.44286156704862184,0.9102482495225971,0.5958333333333333,0.8928538717510958,1571,44259
Sudden Stop,GRU,0,0.63887093298858,0.7525380710659898,0.6910616478265936,0.7901379630021836,3940,44259
Time Delay,GRU,0,0.16625916870415647,0.03133640552995392,0.05273361768127181,0.17950096524568282,8680,44259
Traffic Congestion Sybil,GRU,0,0.9557059699472046,0.890601740885581,0.9220060075747681,0.9655782208095929,39635,83894
Zero Speed Report,GRU,0,0.8576790741319987,0.9781212841854935,0.9139492250430532,0.9917248569393827,8410,44259
Acceleration Multiplication,GAT,0,0.8234169653524492,0.8390552714877039,0.8311625663289918,0.8968057093379421,4107,44259
Constant Position Offset,GAT,0,0.9311437145715239,0.6412169919632607,0.7594506391079685,0.7878290516446449,8710,44259
Constant Speed Offset,GAT,0,0.9615243679003298,0.8844943820224719,0.921402235617721,0.9473651782521533,8900,44259
Data Replay,GAT,0,0.7413706853426714,0.1695070341987876,0.2759262707130888,0.4258386755448538,8743,44259
DoS,GAT,0,0.9679820415879017,1.0,0.9837305637269617,0.9999949439754493,8193,44259
Feigned Braking,GAT,0,0.8760555706891855,0.919908466819222,0.8974466303892842,0.9554970469885437,3496,44259
Position Mirroring,GAT,0,0.8227974116475859,0.17186525265127886,0.2843381783779135,0.4518827601563637,9618,44259
Random Position Offset,GAT,0,0.9616438356164384,0.975,0.9682758620689655,0.9916490359056521,8280,44259
Random Speed Offset,GAT,0,0.9562484594527977,0.9243507267095544,0.940029076811243,0.9700296807242437,8394,44259
Reversed Heading,GAT,0,0.9638194703468855,0.9375907111756169,0.9505241861320581,0.9816809167956766,8268,44259
Sudden Constant Speed,GAT,0,0.6014463640016071,0.9528962444302992,0.7374384236453202,0.8888047291998172,1571,44259
Sudden Stop,GAT,0,0.7993130520117763,0.4134517766497462,0.5449983271997324,0.6703742535048844,3940,44259
Time Delay,GAT,0,0.0985576923076923,0.004723502304147465,0.00901495162708883,0.18287940427310073,8680,44259
Traffic Congestion Sybil,GAT,0,0.9891439980034938,1.0,0.9945423750078414,0.9999367195736396,39635,83894
Zero Speed Report,GAT,0,0.961281868000953,0.9594530321046373,0.9603665793858606,0.9927010719719918,8410,44259
Acceleration Multiplication,RAVEN-X,0,0.7113223854796888,0.6011687363038715,0.6516231195566112,0.7349465416372385,4107,44259
Constant Position Offset,RAVEN-X,0,0.9152886961236107,0.7753157290470724,0.8395077076081552,0.876537119748864,8710,44259
Constant Speed Offset,RAVEN-X,0,0.9481170572461234,0.9137078651685393,0.9305944956228186,0.9724849652496036,8900,44259
Data Replay,RAVEN-X,0,0.871407367426798,0.7386480613061878,0.7995542899591432,0.8719864080140464,8743,44259
DoS,RAVEN-X,0,0.9319758844272551,1.0,0.964790390956194,0.9999727716405825,8193,44259
Feigned Braking,RAVEN-X,0,0.8007399577167019,0.8667048054919908,0.8324175824175825,0.8764601672340411,3496,44259
Position Mirroring,RAVEN-X,0,0.8588850174216028,0.4100644624662092,0.5551020408163265,0.6800129952164292,9618,44259
Random Position Offset,RAVEN-X,0,0.9318600368324125,0.9777777777777777,0.9542668552569543,0.9928633701964097,8280,44259
Random Speed Offset,RAVEN-X,0,0.9351729123990842,0.9245889921372409,0.9298508356796262,0.9737834723109963,8394,44259
Reversed Heading,RAVEN-X,0,0.9253820439350525,0.937469762941461,0.9313866858928143,0.9733354174734078,8268,44259
Sudden Constant Speed,RAVEN-X,0,0.5793075684380032,0.9159770846594526,0.7097410604192355,0.8943115037489087,1571,44259
Sudden Stop,RAVEN-X,0,0.7277179236043095,0.5657360406091371,0.6365843210052835,0.7569413243513406,3940,44259
Time Delay,RAVEN-X,0,0.15940224159402241,0.014746543778801843,0.02699567647368976,0.18563054963996978,8680,44259
Traffic Congestion Sybil,RAVEN-X,0,0.9798433083750682,0.9971237542576006,0.98840800810314,0.9994085962188773,39635,83894
Zero Speed Report,RAVEN-X,0,0.9310503862561974,0.960166468489893,0.9453843001814669,0.9911875599039007,8410,44259
Acceleration Multiplication,RAVEN-X-GF,0,0.7578616352201258,0.8215242269296323,0.788409860965066,0.8621363396075572,4107,44259
Constant Position Offset,RAVEN-X-GF,0,0.9220375624915552,0.7834672789896671,0.8471230836074731,0.8808460366041992,8710,44259
Constant Speed Offset,RAVEN-X-GF,0,0.9455860406382735,0.9255056179775281,0.9354380784736812,0.977289578501412,8900,44259
Data Replay,RAVEN-X-GF,0,0.8895731280615815,0.7269815852682145,0.8001007049345418,0.8625631524233212,8743,44259
DoS,RAVEN-X-GF,0,0.9417241379310345,1.0,0.9699875688154858,0.9999841976966386,8193,44259
Feigned Braking,RAVEN-X-GF,0,0.8098918083462133,0.8993135011441648,0.8522634860395771,0.9383408271139602,3496,44259
Position Mirroring,RAVEN-X-GF,0,0.8850955911041748,0.4717196922437097,0.6154367878459034,0.7403977723191668,9618,44259
Random Position Offset,RAVEN-X-GF,0,0.9361088686426018,0.9803140096618358,0.9577016105244528,0.9943008705364716,8280,44259
Random Speed Offset,RAVEN-X-GF,0,0.9373580394500897,0.9341196092446986,0.9357360224357062,0.9785027866115628,8394,44259
Reversed Heading,RAVEN-X-GF,0,0.9305005401512424,0.9375907111756169,0.9340321706126875,0.9821702873174667,8268,44259
Sudden Constant Speed,RAVEN-X-GF,0,0.6083827265029635,0.9147040101845958,0.7307398932112891,0.9139035951552995,1571,44259
Sudden Stop,RAVEN-X-GF,0,0.8197702249880325,0.8692893401015228,0.8438038925843804,0.8887273772213916,3940,44259
Time Delay,RAVEN-X-GF,0,0.12030075187969924,0.009216589861751152,0.017121455323702513,0.17834347930224193,8680,44259
Traffic Congestion Sybil,RAVEN-X-GF,0,0.9834210265065025,0.9997224675160843,0.9915047480826253,0.999930057019431,39635,83894
Zero Speed Report,RAVEN-X-GF,0,0.9354986276303752,0.9726516052318668,0.9537134196105864,0.9949819535581894,8410,44259
Acceleration Multiplication,RandomForest,1,0.7059721011333915,0.7886535183832482,0.7450258769407706,0.8235486011970555,4107,44259
Constant Position Offset,RandomForest,1,0.8340132226754818,0.6807118254879448,0.749604905493394,0.8032312705498786,8710,44259
Constant Speed Offset,RandomForest,1,0.8716799650234999,0.8960674157303371,0.8837054684470054,0.9406443570440783,8900,44259
Data Replay,RandomForest,1,0.6397443346891343,0.25185862976095164,0.361427985227739,0.4167519045943459,8743,44259
DoS,RandomForest,1,0.8694683221903853,1.0,0.9301771117166212,0.9977544730221312,8193,44259
Feigned Braking,RandomForest,1,0.6792321924144311,0.8401029748283753,0.7511508951406649,0.8578152841062395,3496,44259
Position Mirroring,RandomForest,1,0.6196202531645569,0.20357662715741318,0.30646423540460166,0.40495706970884937,9618,44259
Random Position Offset,RandomForest,1,0.8714710252600297,0.9916666666666667,0.9276917862388431,0.9884661892147336,8280,44259
Random Speed Offset,RandomForest,1,0.8672822935681306,0.9622349297116989,0.9122945727678319,0.9706373665654946,8394,44259
Reversed Heading,RandomForest,1,0.8701834364484967,0.9696419932268989,0.9172244150792289,0.9874931063742199,8268,44259
Sudden Constant Speed,RandomForest,1,0.45223164883806716,0.7803946530872056,0.5726296123306865,0.7109483465367775,1571,44259
Sudden Stop,RandomForest,1,0.7113095238095238,0.9705583756345177,0.8209531987977673,0.9143567283189487,3940,44259
Time Delay,RandomForest,1,0.1904127829560586,0.03294930875576037,0.056177568257709684,0.18313570045695496,8680,44259
Traffic Congestion Sybil,RandomForest,1,0.9603882061290152,0.9187839031159329,0.9391255012700992,0.976594454416608,39635,83894
Zero Speed Report,RandomForest,1,0.8731671554252199,0.991319857312723,0.9284998329435349,0.9901172280742685,8410,44259
Acceleration Multiplication,XGBoost,1,0.7126895450917797,0.8697345994643292,0.7834192345651936,0.9015045387939575,4107,44259
Constant Position Offset,XGBoost,1,0.8329818641923239,0.6802525832376579,0.7489098148265183,0.8034016601408287,8710,44259
Constant Speed Offset,XGBoost,1,0.8720618224750456,0.9129213483146067,0.8920239336883131,0.9651203734968318,8900,44259
Data Replay,XGBoost,1,0.6248907024191198,0.24522475122955506,0.3522260555281748,0.44881268334291646,8743,44259
DoS,XGBoost,1,0.8656101426307449,1.0,0.927964661909616,0.9999956883092658,8193,44259
Feigned Braking,XGBoost,1,0.6994807892004153,0.9633867276887872,0.8104921188785946,0.959727773839287,3496,44259
Position Mirroring,XGBoost,1,0.6306037059175135,0.21938032855063422,0.32551681579759334,0.4426232706564195,9618,44259
Random Position Offset,XGBoost,1,0.8707555178268251,0.9910628019323672,0.9270221418888387,0.9967479372593451,8280,44259
Random Speed Offset,XGBoost,1,0.8643594153052451,0.9580652847271861,0.9088032546050401,0.984876392968572,8394,44259
Reversed Heading,XGBoost,1,0.8687144731088763,0.9611756168359942,0.9126090950849793,0.9881450405779685,8268,44259
Sudden Constant Speed,XGBoost,1,0.45567206863679693,0.9127943984723106,0.6078846969054684,0.8740970573344773,1571,44259
Sudden Stop,XGBoost,1,0.7111232081291962,0.9946700507614213,0.8293302296053328,0.901548489179832,3940,44259
Time Delay,XGBoost,1,0.17819843342036554,0.031451612903225803,0.05346650998824912,0.18467890953393507,8680,44259
Traffic Congestion Sybil,XGBoost,1,0.957812413945035,0.8775577141415416,0.9159304269970638,0.9767846441998731,39635,83894
Zero Speed Report,XGBoost,1,0.865699481865285,0.9933412604042806,0.9251384274640089,0.99575701674449,8410,44259
Acceleration Multiplication,GRU,1,0.6696956889264581,0.7716094472851229,0.7170494399818984,0.8330238648853638,4107,44259
Constant Position Offset,GRU,1,0.8622942580726222,0.7879448909299656,0.8234447177395164,0.8805675271699339,8710,44259
Constant Speed Offset,GRU,1,0.8893016344725111,0.9414606741573034,0.9146381399410545,0.9836706115919843,8900,44259
Data Replay,GRU,1,0.8354413702239789,0.7252659270273362,0.7764648258127717,0.8579617923602475,8743,44259
DoS,GRU,1,0.8849643551523008,1.0,0.9389719786831701,0.9999600026800397,8193,44259
Feigned Braking,GRU,1,0.7187291712952677,0.9253432494279176,0.8090533950231337,0.9509568629910911,3496,44259
Position Mirroring,GRU,1,0.8050158954433062,0.4739030983572468,0.5965968586387435,0.7270184310745164,9618,44259
Random Position Offset,GRU,1,0.8841980878719519,0.9940821256038648,0.935925862755131,0.9978086141914784,8280,44259
Random Speed Offset,GRU,1,0.8796508456082924,0.9604479390040506,0.9182755282191469,0.9885782084326109,8394,44259
Reversed Heading,GRU,1,0.8762784559551303,0.9637155297532656,0.917919474684638,0.9899209050181863,8268,44259
Sudden Constant Speed,GRU,1,0.47539190667152753,0.83004455760662,0.6045433472415391,0.8416154154230199,1571,44259
Sudden Stop,GRU,1,0.7298457934803826,0.9489847715736041,0.8251130972084298,0.9232916440186542,3940,44259
Time Delay,GRU,1,0.16780045351473924,0.025576036866359446,0.04438668399480156,0.18088523428460246,8680,44259
Traffic Congestion Sybil,GRU,1,0.9616666183756846,0.8373911946511922,0.8952365539191887,0.9719458087648076,39635,83894
Zero Speed Report,GRU,1,0.8770306616460463,0.9693222354340071,0.920869810787913,0.9924029250944658,8410,44259
Acceleration Multiplication,GAT,1,0.7886140923938404,0.8229851473094716,0.8054330990110806,0.8846375850475195,4107,44259
Constant Position Offset,GAT,1,0.9176490121202059,0.6345579793340987,0.7502884680648884,0.7790179781233247,8710,44259
Constant Speed Offset,GAT,1,0.9562660786475561,0.8770786516853932,0.914962198909922,0.956407262528639,8900,44259
Data Replay,GAT,1,0.7215541165587419,0.17842845705135538,0.2861072902338377,0.44342179273635307,8743,44259
DoS,GAT,1,0.9626365879450124,1.0,0.9809626436781609,0.9999987502649081,8193,44259
Feigned Braking,GAT,1,0.8411826268969126,0.9196224256292906,0.8786553703197595,0.9498005721602161,3496,44259
Position Mirroring,GAT,1,0.7653550863723608,0.16583489290912873,0.2726029738506238,0.45573677022665554,9618,44259
Random Position Offset,GAT,1,0.9523584905660377,0.9753623188405797,0.9637231503579953,0.9924799272198455,8280,44259
Random Speed Offset,GAT,1,0.9487589088228066,0.9198236835835121,0.934067263488991,0.9715679562170151,8394,44259
Reversed Heading,GAT,1,0.9442546962673823,0.9362602805999033,0.9402404955666221,0.9776895803195786,8268,44259
Sudden Constant Speed,GAT,1,0.5600760456273765,0.9376193507320179,0.7012616043799096,0.895191758078476,1571,44259
Sudden Stop,GAT,1,0.8135694986490544,0.6878172588832487,0.7454270389217439,0.7840021078993584,3940,44259
Time Delay,GAT,1,0.16545454545454547,0.010483870967741936,0.01971830985915493,0.1886801257765413,8680,44259
Traffic Congestion Sybil,GAT,1,0.9869307128248616,0.9983600353223161,0.9926124747582435,0.999605972163237,39635,83894
Zero Speed Report,GAT,1,0.9455194655609307,0.9760998810939358,0.9605663468289258,0.9955902270071473,8410,44259
Acceleration Multiplication,RAVEN-X,1,0.7814245810055865,0.5449233016800584,0.6420886529909625,0.748384337316038,4107,44259
Constant Position Offset,RAVEN-X,1,0.9222109972579016,0.7336394948335246,0.8171877997314406,0.8529705911603652,8710,44259
Constant Speed Offset,RAVEN-X,1,0.9562389118864577,0.9084269662921348,0.9317199654278306,0.9747161038059088,8900,44259
Data Replay,RAVEN-X,1,0.9039531896674754,0.7244652865149263,0.8043174603174603,0.8702357864947375,8743,44259
DoS,RAVEN-X,1,0.958806319485079,1.0,0.9789700083642012,0.9999142833830292,8193,44259
Feigned Braking,RAVEN-X,1,0.8408275862068966,0.8718535469107551,0.8560595421991294,0.9081913800812865,3496,44259
Position Mirroring,RAVEN-X,1,0.9062826132331455,0.4514452069037222,0.6026788812547713,0.7395044472817975,9618,44259
Random Position Offset,RAVEN-X,1,0.9465962441314554,0.9740338164251208,0.9601190476190476,0.9921513593138636,8280,44259
Random Speed Offset,RAVEN-X,1,0.9457139402732438,0.9318560876816774,0.9387338733873387,0.9798424981802681,8394,44259
Reversed Heading,RAVEN-X,1,0.946604900646105,0.939163038219642,0.9428692854107219,0.9830519940098944,8268,44259
Sudden Constant Speed,RAVEN-X,1,0.6647398843930635,0.8784213876511776,0.7567863997806417,0.890574333815523,1571,44259
Sudden Stop,RAVEN-X,1,0.8214077952297848,0.716751269035533,0.7655191108701546,0.8127101203648497,3940,44259
Time Delay,RAVEN-X,1,0.10555555555555556,0.0065668202764976955,0.012364425162689804,0.18840608624810126,8680,44259
Traffic Congestion Sybil,RAVEN-X,1,0.9858965414133359,0.998259114419074,0.9920393145034914,0.999702693836678,39635,83894
Zero Speed Report,RAVEN-X,1,0.9486166007905138,0.9417360285374554,0.9451637925890566,0.9896654251691832,8410,44259
Acceleration Multiplication,RAVEN-X-GF,1,0.7614637451999097,0.8207937667397127,0.7900164049683619,0.849170127944285,4107,44259
Constant Position Offset,RAVEN-X-GF,1,0.8879884982355247,0.7800229621125143,0.8305115824216124,0.8743616798513176,8710,44259
Constant Speed Offset,RAVEN-X-GF,1,0.9210144117975645,0.9262921348314607,0.9236457341325416,0.9732256696941411,8900,44259
Data Replay,RAVEN-X-GF,1,0.8614640883977901,0.7133706965572458,0.7804542326221611,0.8402055656324767,8743,44259
DoS,RAVEN-X-GF,1,0.9161167654624762,0.9997558891736849,0.9561106571728727,0.9997561889848458,8193,44259
Feigned Braking,RAVEN-X-GF,1,0.773053152039555,0.8944508009153318,0.8293329797109137,0.9187277631858485,3496,44259
Position Mirroring,RAVEN-X-GF,1,0.8563093848974829,0.5341027240590559,0.6578728308894154,0.7496661796774371,9618,44259
Random Position Offset,RAVEN-X-GF,1,0.9103053435114504,0.9793478260869565,0.9435652781010007,0.9934040794953989,8280,44259
Random Speed Offset,RAVEN-X-GF,1,0.9136162275588715,0.9336430783893257,0.9235210935658732,0.9763271885775295,8394,44259
Reversed Heading,RAVEN-X-GF,1,0.8984953703703704,0.9389211417513305,0.9182635438845517,0.9799597587668767,8268,44259
Sudden Constant Speed,RAVEN-X-GF,1,0.5506329113924051,0.8860598345003182,0.6791900463527689,0.8454643251778585,1571,44259
Sudden Stop,RAVEN-X-GF,1,0.7524032825322392,0.8144670050761421,0.782205971968312,0.8056146858211691,3940,44259
Time Delay,RAVEN-X-GF,1,0.15184815184815184,0.017511520737327188,0.031401714698894745,0.17970912360804284,8680,44259
Traffic Congestion Sybil,RAVEN-X-GF,1,0.9755095982584603,0.9949287246120853,0.9851234714398132,0.9991071294708996,39635,83894
Zero Speed Report,RAVEN-X-GF,1,0.9082939986513824,0.9609988109393579,0.9339033972729374,0.9912728055469382,8410,44259
Acceleration Multiplication,RandomForest,2,0.6583886255924171,0.8456294131969808,0.7403538691110637,0.8293538167672996,4107,44259
Constant Position Offset,RandomForest,2,0.79585326953748,0.6874856486796785,0.7377109769619318,0.8030969283104772,8710,44259
Constant Speed Offset,RandomForest,2,0.8379491403273963,0.9144943820224719,0.8745500456670069,0.942098702744303,8900,44259
Data Replay,RandomForest,2,0.584572724981094,0.2652407640398033,0.3649095200629426,0.416592155710917,8743,44259
DoS,RandomForest,2,0.8326219512195122,1.0,0.9086674430211279,0.9978805258159487,8193,44259
Feigned Braking,RandomForest,2,0.622706889523033,0.8738558352402745,0.7272078076648417,0.8615144598676489,3496,44259
Position Mirroring,RandomForest,2,0.5773840541948931,0.23040133083801206,0.32936979785969084,0.4044167165197228,9618,44259
Random Position Offset,RandomForest,2,0.8383581177429211,0.9940821256038648,0.9096032710796773,0.9890861491398925,8280,44259
Random Speed Offset,RandomForest,2,0.8350071736011477,0.9706933523945676,0.8977523137946232,0.9720588794228116,8394,44259
Reversed Heading,RandomForest,2,0.8365504358655044,0.9749637155297532,0.9004691689008043,0.9876388363083594,8268,44259
Sudden Constant Speed,RandomForest,2,0.39813140446051837,0.8408656906429026,0.5403968091634281,0.7066972132293344,1571,44259
Sudden Stop,RandomForest,2,0.6574324324324324,0.9878172588832488,0.7894523326572008,0.9242621878552019,3940,44259
Time Delay,RandomForest,2,0.17867867867867868,0.04112903225806452,0.06686645439220829,0.18216583553343352,8680,44259
Traffic Congestion Sybil,RandomForest,2,0.9493099249035925,0.9440645893780749,0.9466799913979583,0.9773463521263603,39635,83894
Zero Speed Report,RandomForest,2,0.8383515054516355,0.996551724137931,0.9106318248492421,0.9904728842649996,8410,44259
Acceleration Multiplication,XGBoost,2,0.6968465854130392,0.8770392013635256,0.7766278568348426,0.9068375779607999,4107,44259
Constant Position Offset,XGBoost,2,0.8191239463866243,0.6805970149253732,0.7434627202608641,0.8051522067706718,8710,44259
Constant Speed Offset,XGBoost,2,0.8616964947580218,0.9142696629213484,0.8872049283105272,0.9638164770011685,8900,44259
Data Replay,XGBoost,2,0.6033267550042289,0.24476724236532083,0.3482506102522376,0.447997780613703,8743,44259
DoS,XGBoost,2,0.8556657963446476,1.0,0.9222197208464655,0.9999953549249037,8193,44259
Feigned Braking,XGBoost,2,0.6819738167170192,0.9685354691075515,0.8003782058858291,0.9614204051935386,3496,44259
Position Mirroring,XGBoost,2,0.6012676462114664,0.21698897899771263,0.318893727557491,0.43973223156742336,9618,44259
Random Position Offset,XGBoost,2,0.8584885911660037,0.9905797101449275,0.9198160816418078,0.9967741359420269,8280,44259
Random Speed Offset,XGBoost,2,0.8516013106436952,0.9598522754348344,0.9024922990758891,0.984848343543491,8394,44259
Reversed Heading,XGBoost,2,0.8570967741935483,0.964078374455733,0.9074453551912568,0.9879306138335169,8268,44259
Sudden Constant Speed,XGBoost,2,0.43236787100627055,0.9217059197963081,0.5886178861788618,0.8765282991184837,1571,44259
Sudden Stop,XGBoost,2,0.6862780593772628,0.9621827411167513,0.8011411665257819,0.907472187275219,3940,44259
Time Delay,XGBoost,2,0.1840855106888361,0.03571428571428571,0.05982246236974141,0.1837476185523882,8680,44259
Traffic Congestion Sybil,XGBoost,2,0.9542204703003941,0.8856061561750977,0.9186338654802407,0.9761510178938377,39635,83894
Zero Speed Report,XGBoost,2,0.8555749307621294,0.9917954815695601,0.9186629219670687,0.9955125941474656,8410,44259
Acceleration Multiplication,GRU,2,0.6438653637350705,0.8663257852447042,0.73871068203052,0.8694721297556034,4107,44259
Constant Position Offset,GRU,2,0.8345513358092728,0.7997703788748565,0.8167907603916281,0.8793656980871659,8710,44259
Constant Speed Offset,GRU,2,0.8619361378611252,0.9553932584269663,0.906261657340794,0.9842000985086405,8900,44259
Data Replay,GRU,2,0.8091189155884165,0.7510008006405124,0.7789773401352473,0.8576129576142763,8743,44259
DoS,GRU,2,0.8542383484516735,1.0,0.9213900134952766,0.9999847996357679,8193,44259
Feigned Braking,GRU,2,0.6670090386195563,0.9287757437070938,0.7764227642276422,0.9410553591064413,3496,44259
Position Mirroring,GRU,2,0.7788264904829322,0.5147639841962987,0.6198435054773083,0.735268357185243,9618,44259
Random Position Offset,GRU,2,0.8550243700093332,0.9957729468599034,0.9200468671539362,0.9978837279597031,8280,44259
Random Speed Offset,GRU,2,0.8546810969843438,0.9690254944007625,0.9082686617162637,0.9884068272775629,8394,44259
Reversed Heading,GRU,2,0.8473772909205814,0.9730285437832608,0.9058664564801261,0.9899435017882177,8268,44259
Sudden Constant Speed,GRU,2,0.44424019607843135,0.9229789942711648,0.5997931747673216,0.8891210562923813,1571,44259
Sudden Stop,GRU,2,0.6800219538968166,0.9434010152284263,0.7903465872847119,0.9066783360768117,3940,44259
Time Delay,GRU,2,0.16851311953352768,0.033294930875576036,0.055603655603655606,0.18656904135512417,8680,44259
Traffic Congestion Sybil,GRU,2,0.9541308941132418,0.9000630755645262,0.9263086830078936,0.9735692916097428,39635,83894
Zero Speed Report,GRU,2,0.854351870994418,0.9827586206896551,0.9140676841406769,0.9926350220604072,8410,44259
Acceleration Multiplication,GAT,2,0.7971147240668651,0.8475773070367665,0.8215718668869483,0.9098227382318964,4107,44259
Constant Position Offset,GAT,2,0.9273927392739274,0.6452353616532721,0.7610020311442113,0.7844944745306891,8710,44259
Constant Speed Offset,GAT,2,0.9641025641025641,0.8660674157303371,0.9124593074874223,0.9537774226380401,8900,44259
Data Replay,GAT,2,0.7554466230936819,0.1586411986732243,0.26221760090745816,0.43750020125635825,8743,44259
DoS,GAT,2,0.9613940389579911,1.0,0.9803170804666467,0.9999996129023615,8193,44259
Feigned Braking,GAT,2,0.8557692307692307,0.9164759725400458,0.8850828729281768,0.9542540487211307,3496,44259
Position Mirroring,GAT,2,0.7834743653558984,0.1636514867955916,0.2707491184312376,0.4687548226445223,9618,44259
Random Position Offset,GAT,2,0.9564393939393939,0.9758454106280193,0.9660449545671927,0.991561938145881,8280,44259
Random Speed Offset,GAT,2,0.9565054835493519,0.9143435787467239,0.934949445730296,0.9667838327595064,8394,44259
Reversed Heading,GAT,2,0.949489984023596,0.9344460570875666,0.9419079548918012,0.9757465909315813,8268,44259
Sudden Constant Speed,GAT,2,0.5935960591133005,0.9204328453214513,0.721736960319441,0.9102093076457745,1571,44259
Sudden Stop,GAT,2,0.8410919540229885,0.7428934010152284,0.7889487870619946,0.845875398798348,3940,44259
Time Delay,GAT,2,0.11740041928721175,0.0064516129032258064,0.012231080048050671,0.18395498842071514,8680,44259
Traffic Congestion Sybil,GAT,2,0.9884954206283846,0.999369244354737,0.9939025920256944,0.9998181218586779,39635,83894
Zero Speed Report,GAT,2,0.9517419962335216,0.961474435196195,0.956583461492961,0.9942475848548777,8410,44259
Acceleration Multiplication,RAVEN-X,2,0.721671826625387,0.5675675675675675,0.6354095679433011,0.7291301662552567,4107,44259
Constant Position Offset,RAVEN-X,2,0.8751806595716726,0.7647531572904708,0.8162490043502236,0.8650692299561917,8710,44259
Constant Speed Offset,RAVEN-X,2,0.9330965746362699,0.9151685393258427,0.9240456066708265,0.970679088491027,8900,44259
Data Replay,RAVEN-X,2,0.88173609088261,0.6924396660185291,0.7757063232750336,0.8599690396904548,8743,44259
DoS,RAVEN-X,2,0.9273344651952462,1.0,0.9622973925299507,0.9999742903376823,8193,44259
Feigned Braking,RAVEN-X,2,0.7704877444912107,0.8901601830663616,0.8260119442601195,0.9063776648958054,3496,44259
Position Mirroring,RAVEN-X,2,0.8415747432483834,0.4600748596381784,0.5949179887066416,0.7107819974695198,9618,44259
Random Position Offset,RAVEN-X,2,0.9132054176072235,0.9771739130434782,0.9441073512252042,0.9915655000654611,8280,44259
Random Speed Offset,RAVEN-X,2,0.9154170571696345,0.9309030259709317,0.92309509746013,0.9733441953441898,8394,44259
Reversed Heading,RAVEN-X,2,0.9037201684604586,0.9343251088534107,0.918767840152236,0.9729480100985295,8268,44259
Sudden Constant Speed,RAVEN-X,2,0.5495219885277247,0.9147040101845958,0.6865742952699474,0.8926073894954323,1571,44259
Sudden Stop,RAVEN-X,2,0.7571265678449259,0.8426395939086294,0.7975975975975976,0.840051724803029,3940,44259
Time Delay,RAVEN-X,2,0.19348659003831417,0.023271889400921657,0.04154668860551213,0.18309398359905743,8680,44259
Traffic Congestion Sybil,RAVEN-X,2,0.9736210431564735,0.9824397628358774,0.9780105238041417,0.9976851711237172,39635,83894
Zero Speed Report,RAVEN-X,2,0.922355631789594,0.9590963139120096,0.9403672398717575,0.9901410954568404,8410,44259
Acceleration Multiplication,RAVEN-X-GF,2,0.7857711706928591,0.7207207207207207,0.7518415036830074,0.8194957887683805,4107,44259
Constant Position Offset,RAVEN-X-GF,2,0.9092957746478874,0.7412169919632606,0.8166982922201138,0.859341081919961,8710,44259
Constant Speed Offset,RAVEN-X-GF,2,0.9307779030439685,0.9276404494382022,0.9292065278559369,0.9772100648266763,8900,44259
Data Replay,RAVEN-X-GF,2,0.8755699367554052,0.6808875671966145,0.7660532749967829,0.8439138889024554,8743,44259
DoS,RAVEN-X-GF,2,0.9289115646258503,1.0,0.963145829659672,0.9999390946718671,8193,44259
Feigned Braking,RAVEN-X-GF,2,0.8028465998945704,0.8712814645308925,0.8356652949245542,0.9102256664155501,3496,44259
Position Mirroring,RAVEN-X-GF,2,0.8653084323712507,0.4769182782283219,0.6149205710838528,0.739034766160012,9618,44259
Random Position Offset,RAVEN-X-GF,2,0.9226563389907735,0.9782608695652174,0.9496453484963948,0.9935903231826015,8280,44259
Random Speed Offset,RAVEN-X-GF,2,0.923031588873173,0.9329282821062663,0.9279535489986965,0.9764971522004015,8394,44259
Reversed Heading,RAVEN-X-GF,2,0.9186432637571158,0.9368650217706821,0.9276646706586826,0.9795980148732234,8268,44259
Sudden Constant Speed,RAVEN-X-GF,2,0.5837728194726166,0.9159770846594526,0.7130822596630327,0.9050186018363336,1571,44259
Sudden Stop,RAVEN-X-GF,2,0.8007884972170687,0.8763959390862944,0.8368880271449346,0.8611509525907014,3940,44259
Time Delay,RAVEN-X-GF,2,0.053952321204516936,0.004953917050691244,0.00907460166719426,0.17060032702299138,8680,44259
Traffic Congestion Sybil,RAVEN-X-GF,2,0.9800891530460624,0.9985114166771792,0.9892145222770731,0.9998342732432268,39635,83894
Zero Speed Report,RAVEN-X-GF,2,0.926002527863955,0.9582639714625446,0.94185706772629,0.9921550675328551,8410,44259
