Test,Model,F1,Recall,PR-AUC,ECE,in-domain F1,ΔF1 (cross - in),F1 std,Recall std,PR-AUC std,ECE std,in-domain F1 std,ΔF1 (cross - in) std,seeds
Urban → Highway,RandomForest,0.8438108702328053,0.8269307191856298,0.8736918646493343,0.07834810253464064,0.8910358463131174,-0.047224976080312,0.0037324944093836705,0.0027627753978727706,0.0010018700178448165,0.00019876478728251317,0.0005087610426267603,0.0034273083344369547,3
Urban → Highway,XGBoost,0.8372468551644064,0.8205975194750881,0.8763213918637898,0.039611383594491796,0.8916052951021521,-0.054358439937745605,0.004393290989498779,0.0016196740481850553,0.0007462895747177168,0.0030683121562658233,0.0003358539991068196,0.004676480819127368,3
Urban → Highway,GRU,0.7585269214578961,0.8500804339790612,0.8659012180724929,0.0859887958614685,0.9149141753234553,-0.15638725386555904,0.050279701708617675,0.0027466071163620115,0.0181008722503741,0.02687320582680762,0.0023124748758673237,0.04886510581538843,3
Urban → Highway,GAT,0.7553935226506557,0.7884950776487246,0.843484971807784,0.060287393779962,0.881015370574798,-0.12562184792414224,0.046318844078168143,0.012819747098031048,0.013308527798767743,0.017605669931070843,0.003242486067151658,0.043076361997474416,3
Urban → Highway,RAVEN-X,0.7423623101333451,0.8396040600504295,0.8503963602707656,0.08221364008397473,0.9123363142074892,-0.1699740040741442,0.07314640155816621,0.02277082472384368,0.038852043590460496,0.05182462095007303,0.003034027937934642,0.07528649421890608,3
Urban → Highway,RAVEN-X-GF,0.6974329793647196,0.8694097516872047,0.8608860307480461,0.1492714395314634,0.9185356368637626,-0.2211026574990429,0.11978083761121265,0.01757521277862719,0.03778994923411095,0.09848455121038026,0.0029669160257092715,0.11682354110409716,3
Low → High density,RandomForest,0.8265667759090625,0.8075178444477974,0.8110901334160371,0.2932502577258171,0.8607886932660572,-0.03422191735699467,0.0022019755446095,0.0032664803231042174,0.006540341018593004,0.010027404650381445,0.0007128900456257564,0.0015601281140865033,3
Low → High density,XGBoost,0.7599655773660343,0.84549447233312,0.8291586395331841,0.14579700409739504,0.8583411875775465,-0.09837561021151216,0.013957392592996928,0.0038476810444840674,0.0038952033633118375,0.01039799464751057,0.000881472139144199,0.013158221072792131,3
Low → High density,GRU,0.4929446793751633,0.9261265008570501,0.7849046978795807,0.4131712379154333,0.8788301167367281,-0.3858854373615647,0.08741281416112556,0.006813467422693562,0.03455396071243523,0.1001856622246504,0.004389381897027864,0.08680833447060407,3
Low → High density,GAT,0.579115822011555,0.8498171037553881,0.7728477024421353,0.22072897464467076,0.8454769067248765,-0.2663610847133213,0.10955229718310598,0.05701815953788208,0.019805112947297997,0.1162060126858395,0.0011197345127209812,0.10923764470980418,3
Low → High density,RAVEN-X,0.5456296002273202,0.891329317907792,0.7286367535364037,0.31253668658419803,0.8679695698129831,-0.32233996958566297,0.11579269051723776,0.041635340405922414,0.08460763758414334,0.14547461144741605,0.006492112708975918,0.11334278633699477,3
Low → High density,RAVEN-X-GF,0.6095205405890828,0.8794352849062682,0.8264810953078889,0.22192515830121326,0.8800479599545391,-0.27052741936545627,0.09826468036120822,0.004292966386576674,0.032685684550820396,0.09253774659913203,0.005475565724886657,0.09377197486453498,3
highway_2 → urban_2,XGBoost,0.8736843768639729,0.81822089594657,0.8936200835198685,0.03763705701463863,0.8583411875775465,0.015343189286426398,0.0010243622734055456,0.0038258024678455836,0.0001856204587692513,0.0025285983419514883,0.000881472139144199,0.0001681153450516388,3
highway_2 → urban_2,RAVEN-X,0.8733520088308137,0.8585562542186223,0.924412535982801,0.0384265469659625,0.8679695698129831,0.005382439017830534,0.0030485381460247808,0.005860168424734262,0.0018080459723397537,0.012476428767740633,0.006492112708975918,0.005104330778402396,3
highway_2 → urban_2,RAVEN-X-GF,0.8934712374688539,0.8673647376460977,0.9314455107956375,0.027622731369215864,0.8800479599545391,0.013423277514314833,0.01108381807438279,0.00562390030793788,0.0033795849382884545,0.013359798731704361,0.005475565724886657,0.010203776338589975,3
highway_7 → highway_2,XGBoost,0.7391165458731416,0.8131035061835018,0.8569325359679779,0.10595807390142493,0.8681382218736488,-0.12902167600050699,0.016867066678539117,0.005052924398842473,0.003620140927393015,0.009077866993081964,0.0009403761146629602,0.017589626862221402,3
highway_7 → highway_2,RAVEN-X,0.8069320908380343,0.8215025129847541,0.8801701227388029,0.0844603447511809,0.8430618993796536,-0.036129808541619166,0.006787003513333826,0.002673953090967368,0.001990479179850242,0.02450797545506911,0.02631968157165107,0.02954645629250542,3
highway_7 → highway_2,RAVEN-X-GF,0.8305575719453273,0.842434056641117,0.9027615509773522,0.06342548473418867,0.8746461274920737,-0.04408855554674646,0.002247397064117532,0.0030255621052732366,0.0024599515222233654,0.003749392510746059,0.006793435132378687,0.009040654392853837,3
highway_7 → urban_2,XGBoost,0.793742322464139,0.8368378983267611,0.8881580848612888,0.08437628807691944,0.8681382218736488,-0.0743958994095096,0.01635960221928885,0.003012348219819355,0.0005785338875397464,0.0068300129122354294,0.0009403761146629602,0.01704224262341844,3
highway_7 → urban_2,RAVEN-X,0.8572714669560172,0.8590749227326016,0.9199571340980771,0.0690152354407559,0.8430618993796536,0.014209567576363566,0.0051955393615320455,0.0019086206251345617,0.0006318053233186201,0.02562222991190941,0.02631968157165107,0.025119045738335885,3
highway_7 → urban_2,RAVEN-X-GF,0.8760623607916661,0.8769920778713276,0.9299718285508064,0.052215179175319794,0.8746461274920737,0.0014162332995923,0.005933119633075643,0.0019617557717351085,0.0008930984098878067,0.0024739451089116145,0.006793435132378687,0.0026516283548461846,3
urban_2 → highway_2,XGBoost,0.8561006088247362,0.7818393369078892,0.8757140892630592,0.02191839450252253,0.8916052951021521,-0.0355046862774159,0.0009169012512755501,0.0007760299130751925,0.0003560712832109,0.0004646739934126777,0.0003358539991068196,0.0007986536090052214,3
urban_2 → highway_2,RAVEN-X,0.8678257391842794,0.8272673839768734,0.907455341528649,0.0171297857260652,0.9123363142074892,-0.044510575023209764,0.008422044549851395,0.005954850628986524,0.003593794066502007,0.001557701472997974,0.003034027937934642,0.00572180361089204,3
urban_2 → highway_2,RAVEN-X-GF,0.8747666045338423,0.8275336763947365,0.9115991496724499,0.02623328347576903,0.9185356368637626,-0.043769032329920236,0.00900509463285534,0.003234853510756822,0.0039234534926393125,0.008358352054249353,0.0029669160257092715,0.01137046439690127,3
urban_2 → highway_7,XGBoost,0.827682401686401,0.8425583453293152,0.8764292661594512,0.048667986602625835,0.8916052951021521,-0.06392289341575116,0.006931884797936957,0.0022321836097874167,0.00036642110628893996,0.00499885023873179,0.0003358539991068196,0.007209319992346019,3
urban_2 → highway_7,RAVEN-X,0.691130279001689,0.8465941606414894,0.8345412719830936,0.1163424846790357,0.9123363142074892,-0.2212060352058002,0.09668409562711529,0.034373250205635475,0.03796258787760019,0.08056299719064719,0.003034027937934642,0.09890254337644051,3
urban_2 → highway_7,RAVEN-X-GF,0.6376210281385102,0.8931372109240238,0.8582878713060292,0.21299678823002413,0.9185356368637626,-0.28091460872525237,0.14568433573075354,0.028349616831689562,0.03577148865528219,0.15453552959415562,0.0029669160257092715,0.14271889517814798,3
highway_2 → highway_7,XGBoost,0.7599655773660343,0.84549447233312,0.8291586395331841,0.14579700409739504,0.8583411875775465,-0.09837561021151216,0.013957392592996928,0.0038476810444840674,0.0038952033633118375,0.01039799464751057,0.000881472139144199,0.013158221072792131,3
highway_2 → highway_7,RAVEN-X,0.5456296002273202,0.891329317907792,0.7286367535364037,0.31253668658419803,0.8679695698129831,-0.32233996958566297,0.11579269051723776,0.041635340405922414,0.08460763758414334,0.14547461144741605,0.006492112708975918,0.11334278633699477,3
highway_2 → highway_7,RAVEN-X-GF,0.6095205405890828,0.8794352849062682,0.8264810953078889,0.22192515830121326,0.8800479599545391,-0.27052741936545627,0.09826468036120822,0.004292966386576674,0.032685684550820396,0.09253774659913203,0.005475565724886657,0.09377197486453498,3
