H,Policy,F1,Precision,Recall,Accuracy,Evidence cost,Error cost,Total cost,Observations,Queries,Decided at once (%)
1,SVoI,0.9516895205492625,0.9548296221973527,0.9485700046005214,0.959359326969746,0.3292509302701828,2.5491020870409318,2.878353017311115,1.329250930270183,0.3292509302701828,67.07490697298172
1,Never-query,0.9233637197681002,0.9397635839872852,0.9075264278725322,0.936482769778353,0.0,4.389580973952435,4.389580973952435,1.0,0.0,100.0
1,Always-query,0.9542177048041004,0.9604010414642676,0.9481134789864385,0.9616324219381978,0.6464973305290406,2.517877366121987,3.1643746966510276,1.6464973305290407,0.6464973305290406,35.35026694709594
1,Fixed-interval,0.9542177048041004,0.9604010414642676,0.9481134789864385,0.9616324219381978,0.6464973305290406,2.517877366121987,3.1643746966510276,1.6464973305290407,0.6464973305290406,35.35026694709594
1,Random,0.9344024989524209,0.9276003554748804,0.9413051403572731,0.9442808607021518,1.336070215175538,3.0939977349943373,4.430067950169875,1.0810710241061317,0.45842096748099015,54.15790325190098
2,SVoI,0.9521360797444188,0.9533159148543764,0.9509591613805791,0.9596424526775603,0.43442808607021516,2.463193657984145,2.8976217440543603,1.4344280860702152,0.43442808607021516,67.07490697298172
2,Never-query,0.9233637197681002,0.9397635839872852,0.9075264278725322,0.936482769778353,0.0,4.389580973952435,4.389580973952435,1.0,0.0,100.0
2,Always-query,0.9531395449267295,0.9546878904973374,0.9515962135438624,0.9604999191069407,1.2671493285876072,2.4246885617214042,3.6918378903090114,2.267149328587607,1.2671493285876072,35.35026694709594
2,Fixed-interval,0.9409003426747407,0.9214445956382626,0.9611954040626858,0.9490778191231193,1.9394919915871218,2.3276168904707975,4.2671088820579195,1.6464973305290407,1.2929946610580811,35.35026694709594
2,Random,0.9392258843136692,0.9380488644842826,0.9404058615927574,0.9486733538262417,1.9507523054521922,3.0372108073127326,4.987963112764925,1.1205063905516908,0.6702556220676266,54.148196084775925
3,SVoI,0.9546009204723426,0.9574988916944546,0.9517204383477661,0.9617780294450736,0.49909399773499435,2.3952434881087203,2.8943374858437148,1.4990939977349944,0.49909399773499435,67.07490697298172
3,Never-query,0.9233637197681002,0.9397635839872852,0.9075264278725322,0.936482769778353,0.0,4.389580973952435,4.389580973952435,1.0,0.0,100.0
3,Always-query,0.9559585492227979,0.9581097455426693,0.9538169912114424,0.9628700857466429,1.865353502669471,2.303510758776897,4.168864261446368,2.8653535026694708,1.865353502669471,35.35026694709594
3,Fixed-interval,0.952569018404908,0.953044078720221,0.9520944314567126,0.9599741142209999,2.5601439896456886,2.418378903090115,4.978522892735803,2.267149328587607,1.9136466591166479,35.35026694709594
3,Random,0.9409971821266317,0.9398081672505887,0.9421892094201647,0.9502022326484387,2.237655719139298,2.945154505743407,5.182810224882705,1.1409885131855686,0.7702556220676265,54.201585503963756
5,SVoI,0.9565861210203944,0.9608452935154242,0.9523645414512732,0.9634767836919592,0.5843795502345899,2.3405597799708784,2.9249393302054685,1.5843795502345899,0.5843795502345899,67.07490697298172
5,Never-query,0.9233637197681002,0.9397635839872852,0.9075264278725322,0.936482769778353,0.0,4.389580973952435,4.389580973952435,1.0,0.0,100.0
5,Always-query,0.9586602870813397,0.959762406591301,0.9575606958516536,0.9650541983497816,2.981071024106132,2.1355767675133475,5.116647791619479,3.981071024106132,2.981071024106132,35.35026694709594
5,Fixed-interval,0.9552095808383234,0.955933113446345,0.954487142665671,0.9621824947419512,4.399652159844686,2.2946125222455915,6.694264682090276,2.8653535026694708,3.132502831257078,35.35026694709594
5,Random,0.941289093537301,0.9396070636801468,0.9429771563381092,0.9503882866850024,2.4366769131208543,2.9161947904869763,5.35287170360783,1.1556301569325351,0.8394677236693092,54.22019090762012
