Aggregator,Poisoning,Accuracy,F1,Recall,PR-AUC,ECE,ASR,Comm_MB,TrainTime_s,ΔF1,ΔASR
FedAvg,none,0.9549806686377075,0.8734597989548207,0.7867141674763396,0.9151341769060738,0.030788194320510075,0.21328583252366043,113.7725830078125,1195.4491391181946,0.0,0.0
FedAvg,label_flip,0.9422930407095748,0.8402823129519328,0.7686062830616431,0.8918749590103531,0.05166843062660036,0.2313937169383569,113.7725830078125,1131.9180448055267,0.033177486002887946,0.018107884414696462
FedAvg,sign_flip,0.19759637252672277,0.3298721371531137,0.9999640145381266,0.18949896801764365,0.51802752652867,3.5985461873403146e-05,113.7725830078125,1157.54052901268,0.543587661801707,-0.213249847061787
Median,none,0.9412426085967706,0.8440919222892316,0.8053546367267624,0.900706742712232,0.04572533516205672,0.19464536327323761,113.7725830078125,1167.767945766449,0.0,0.0
Median,label_flip,0.9400386627245849,0.8382738579030502,0.7868293209543344,0.8931460647869037,0.018560690163133362,0.21317067904566556,113.7725830078125,1203.7490029335022,0.005818064386181376,0.01852531577242794
Median,sign_flip,0.9337602342506254,0.8213268306897173,0.7708661700672929,0.882734443784071,0.06631870641320038,0.22913382993270717,113.7725830078125,1165.9433810710907,0.02276509159951423,0.03448846665946956
Krum,none,0.9099158517170798,0.7602191382780695,0.7230630825146641,0.8278958806482044,0.04495614704994532,0.27693691748533594,113.7725830078125,1127.1446521282196,0.0,0.0
Krum,label_flip,0.8723646804639527,0.6616016581872998,0.6317463744647163,0.7232086860478015,0.10107420696491451,0.36825362553528374,113.7725830078125,1096.0560085773468,0.09861748009076976,0.09131670804994779
Krum,sign_flip,0.907728280645895,0.7285265618661682,0.6268883371118068,0.809334469702147,0.11485216240543676,0.3731116628881932,113.7725830078125,1121.2922217845917,0.031692576411901374,0.09617474540285725
RS-WeightedTrim,none,0.9523282920172845,0.8690689049385126,0.801079563856202,0.9120359680153578,0.04005137080174598,0.1989204361437979,113.7725830078125,1120.5619077682495,0.0,0.0
RS-WeightedTrim,label_flip,0.941099044803275,0.8403602853928775,0.7849652740292922,0.897088326874582,0.013729569734931363,0.21503472597070783,113.7725830078125,1107.6438298225403,0.028708619545635083,0.016114289826909933
RS-WeightedTrim,sign_flip,0.9338810552649534,0.8252749564276699,0.7906293857281658,0.8902127351800776,0.05942635298184483,0.20937061427183418,113.7725830078125,1140.4201409816742,0.04379394851084273,0.01045017812803628
ReputationDrop,none,0.9532323174891972,0.8718340254134952,0.8053978192810105,0.9132891342444877,0.03295088752971618,0.19460218071898952,113.7725830078125,1093.518372297287,0.0,0.0
ReputationDrop,label_flip,0.9452069592904253,0.8537100006072014,0.8095145561193278,0.907863591922978,0.015025513522409122,0.1904854438806722,113.7725830078125,1106.35431265831,0.018124024806293826,-0.004116736838317314
ReputationDrop,sign_flip,0.9500099499658858,0.8635935227382915,0.8012378998884451,0.9108637676432738,0.03608830245811138,0.19876210011155493,113.7725830078125,1106.7439563274384,0.00824050267520371,0.004159919392565409
