round,elapsed_s,update_norm,honest_client_norm_median,val_pr_auc
0,106.2615430355072,5.3549811380624375,5.697854042053223,0.8302452729847666
1,216.02251887321472,3.0734149162228026,3.6116368770599365,0.8774543033163062
2,323.9823215007782,1.8044592834537128,2.513561248779297,0.8896098368697987
3,435.1941637992859,1.4059167383510585,2.1945223808288574,0.8952061189568248
4,548.1974947452545,1.2311012914860495,2.082227945327759,0.8977880791061541
5,657.7181935310364,1.0749773636945692,1.9869985580444336,0.9041894219877336
6,769.0226333141327,1.0239319052552096,1.9237160682678223,0.906353153201709
7,877.3169684410095,0.9066260943404395,1.9009912014007568,0.9093696566696154
8,989.781031370163,0.8583951057101163,1.7816741466522217,0.9105592590876468
9,1103.246495962143,0.8291480145984416,1.865553617477417,0.9103050474660069
