Aggregator,Model,Target,Kind,Attack type,Steps,Honest decides (%),Honest rejects (% of decisions),ADDR (future),wrongly accepted (future),wrongly rejected (future),decisions (future),ADDR (seen),wrongly accepted (seen),wrongly rejected (seen),decisions (seen),‖Δθ‖,‖Δθ‖ / round update,‖Δθ‖ / ‖θ‖,val PR-AUC,val F1,val ECE,val PR-AUC (honest),val F1 (honest),val ECE (honest),sent / benign norm,cosine to benign
FedAvg,honest (rerun),attacker:positionMirroring:2530385657,attacker,positionMirroring,117,54.700854700854705,26.5625,0.0,0.0,0.0,45,0.0,0.0,0.0,19,0.0,0.0,0.0,0.9364838282284317,0.857450370724707,0.022099077789065523,0.9364838282284317,0.857450370724707,0.022099077789065523,,
FedAvg,honest (rerun),attacker:randomPositionOffset:5274206664,attacker,randomPositionOffset,79,94.9367088607595,100.0,0.0,0.0,0.0,39,0.0,0.0,0.0,36,0.0,0.0,0.0,0.9364838282284317,0.857450370724707,0.022099077789065523,0.9364838282284317,0.857450370724707,0.022099077789065523,,
FedAvg,honest (rerun),attacker:randomSpeedOffset:7761870589,attacker,randomSpeedOffset,232,93.96551724137932,100.0,0.0,0.0,0.0,108,0.0,0.0,0.0,110,0.0,0.0,0.0,0.9364838282284317,0.857450370724707,0.022099077789065523,0.9364838282284317,0.857450370724707,0.022099077789065523,,
FedAvg,honest (rerun),attacker:dosAttack:2334700212,attacker,dosAttack,82,100.0,100.0,0.0,0.0,0.0,41,0.0,0.0,0.0,41,0.0,0.0,0.0,0.9364838282284317,0.857450370724707,0.022099077789065523,0.9364838282284317,0.857450370724707,0.022099077789065523,,
FedAvg,honest (rerun),attacker:dataReplay:4623714049,attacker,dataReplay,117,74.35897435897436,96.55172413793103,0.0,0.0,0.0,59,0.0,0.0,0.0,28,0.0,0.0,0.0,0.9364838282284317,0.857450370724707,0.022099077789065523,0.9364838282284317,0.857450370724707,0.022099077789065523,,
FedAvg,honest (rerun),honest:zeroSpeedReport:9129455203,honest,zeroSpeedReport,286,49.65034965034965,2.8169014084507045,0.0,0.0,0.0,102,0.0,0.0,0.0,40,0.0,0.0,0.0,0.9364838282284317,0.857450370724707,0.022099077789065523,0.9364838282284317,0.857450370724707,0.022099077789065523,,
FedAvg,honest (rerun),honest:feignedBraking:4434209032,honest,feignedBraking,60,23.333333333333332,0.0,0.0,0.0,0.0,14,0.0,0.0,0.0,0,0.0,0.0,0.0,0.9364838282284317,0.857450370724707,0.022099077789065523,0.9364838282284317,0.857450370724707,0.022099077789065523,,
FedAvg,honest (rerun),honest:trafficCongestionSybil:7802626606,honest,trafficCongestionSybil,90,88.88888888888889,0.0,0.0,0.0,0.0,45,0.0,0.0,0.0,35,0.0,0.0,0.0,0.9364838282284317,0.857450370724707,0.022099077789065523,0.9364838282284317,0.857450370724707,0.022099077789065523,,
FedAvg,honest (rerun),honest:dataReplay:5628007782,honest,dataReplay,160,40.0,21.875,0.0,0.0,0.0,34,0.0,0.0,0.0,30,0.0,0.0,0.0,0.9364838282284317,0.857450370724707,0.022099077789065523,0.9364838282284317,0.857450370724707,0.022099077789065523,,
FedAvg,honest (rerun),honest:randomSpeedOffset:5142823020,honest,randomSpeedOffset,112,59.82142857142857,0.0,0.0,0.0,0.0,34,0.0,0.0,0.0,33,0.0,0.0,0.0,0.9364838282284317,0.857450370724707,0.022099077789065523,0.9364838282284317,0.857450370724707,0.022099077789065523,,
FedAvg,norm-matched,attacker:positionMirroring:2530385657,attacker,positionMirroring,117,54.700854700854705,26.5625,0.0,0.0,0.0,45,0.21052631578947367,0.21052631578947367,0.0,19,1.5163092613220215,1.1769983229691108,0.04772371260841022,0.9350067702168671,0.8412549754155936,0.02432907064520178,0.9364838282284317,0.857450370724707,0.022099077789065523,0.9999996902122228,0.4547641972700755
FedAvg,boosted,attacker:positionMirroring:2530385657,attacker,positionMirroring,117,54.700854700854705,26.5625,0.24444444444444444,0.022222222222222223,0.2222222222222222,45,0.0,0.0,0.0,19,20.99993324279785,16.300689338061872,0.6609435188711458,0.7288904421858765,0.4957611622726819,0.12215693293175017,0.9364838282284317,0.857450370724707,0.022099077789065523,16.879196204098594,-0.24726784725983939
FedAvg,norm-matched,attacker:randomPositionOffset:5274206664,attacker,randomPositionOffset,79,94.9367088607595,100.0,0.0,0.0,0.0,39,0.0,0.0,0.0,36,1.9298052787780762,1.4979645872494318,0.060737921256446746,0.9352828734213712,0.8461040108369162,0.024690983615016492,0.9364838282284317,0.857450370724707,0.022099077789065523,1.0000000426602889,0.3041561543941498
FedAvg,boosted,attacker:randomPositionOffset:5274206664,attacker,randomPositionOffset,79,94.9367088607595,100.0,0.0,0.0,0.0,39,0.5,0.5,0.0,36,25.151241302490234,19.52304163057908,0.7916001321645353,0.6430341675815412,0.5884766907419566,0.07241924802299532,0.9364838282284317,0.857450370724707,0.022099077789065523,19.34324732489875,-0.29768962661425274
FedAvg,norm-matched,attacker:randomSpeedOffset:7761870589,attacker,randomSpeedOffset,232,93.96551724137932,100.0,0.0,0.0,0.0,108,0.0,0.0,0.0,110,1.9812207221984863,1.537874579375823,0.0623561504053542,0.9359863254508487,0.8467969853980216,0.025688418129753077,0.9364838282284317,0.857450370724707,0.022099077789065523,1.0000000783444374,0.27960121631622314
FedAvg,boosted,attacker:randomSpeedOffset:7761870589,attacker,randomSpeedOffset,232,93.96551724137932,100.0,0.4351851851851852,0.4351851851851852,0.0,108,0.9272727272727272,0.9272727272727272,0.0,110,25.324995040893555,19.657913759851716,0.7970687879907005,0.7919399371538796,0.5220756880733946,0.11319673650293988,0.9364838282284317,0.857450370724707,0.022099077789065523,19.725704532308672,-0.26874541242917377
FedAvg,norm-matched,attacker:dosAttack:2334700212,attacker,dosAttack,82,100.0,100.0,0.0,0.0,0.0,41,0.0,0.0,0.0,41,1.868756651878357,1.4505770698653535,0.058816501134828475,0.9363508545634841,0.8436529787358679,0.025437021736035875,0.9364838282284317,0.857450370724707,0.022099077789065523,1.0000000367991797,0.3270701269308726
FedAvg,boosted,attacker:dosAttack:2334700212,attacker,dosAttack,82,100.0,100.0,0.8292682926829268,0.8292682926829268,0.0,41,1.0,1.0,0.0,41,23.332744598388672,18.11147762734515,0.734365492569827,0.7096493081730602,0.5377627223034875,0.07896606163737148,0.9364838282284317,0.857450370724707,0.022099077789065523,18.605236917840006,-0.2767253468434016
FedAvg,norm-matched,attacker:dataReplay:4623714049,attacker,dataReplay,117,74.35897435897436,96.55172413793103,0.0,0.0,0.0,59,0.0,0.0,0.0,28,1.7241002321243286,1.3382910291478005,0.054263642704560876,0.9355549189191024,0.8377516097221417,0.026730553342733915,0.9364838282284317,0.857450370724707,0.022099077789065523,0.9999999180859037,0.38492411375045776
FedAvg,boosted,attacker:dataReplay:4623714049,attacker,dataReplay,117,74.35897435897436,96.55172413793103,0.2711864406779661,0.2711864406779661,0.0,59,0.14285714285714285,0.14285714285714285,0.0,28,22.26154136657715,17.279982074583046,0.7006508695148956,0.7874071471545222,0.46463848281311737,0.15272444756297104,0.9364838282284317,0.857450370724707,0.022099077789065523,18.354587405278576,-0.29373445610205334
FedAvg,norm-matched,honest:zeroSpeedReport:9129455203,honest,zeroSpeedReport,286,49.65034965034965,2.8169014084507045,0.0,0.0,0.0,102,0.0,0.0,0.0,40,1.9708774089813232,1.5298458331160192,0.06203060909265108,0.933997857181923,0.822504413188315,0.03279801727250137,0.9364838282284317,0.857450370724707,0.022099077789065523,1.0000000027704214,0.2870400051275889
FedAvg,boosted,honest:zeroSpeedReport:9129455203,honest,zeroSpeedReport,286,49.65034965034965,2.8169014084507045,1.0,0.0,1.0,102,0.9,0.0,0.9,40,26.239572525024414,20.367832371117604,0.8258538347645555,0.44071435456892183,0.3352755119027801,0.19869700282249775,0.9364838282284317,0.857450370724707,0.022099077789065523,20.341482205674982,-0.3065738131602605
FedAvg,norm-matched,honest:feignedBraking:4434209032,honest,feignedBraking,60,23.333333333333332,0.0,0.0,0.0,0.0,14,0.0,0.0,0.0,0,1.799086570739746,1.3964973575316226,0.056623732802882264,0.9356148696082291,0.8397925287021388,0.028865869783645477,0.9364838282284317,0.857450370724707,0.022099077789065523,1.0000002341555658,0.3576807876427968
FedAvg,boosted,honest:feignedBraking:4434209032,honest,feignedBraking,60,23.333333333333332,0.0,0.35714285714285715,0.0,0.35714285714285715,14,0.0,0.0,0.0,0,22.118547439575195,17.16898650358104,0.6961503357180899,0.7292122545203585,0.4408308673542678,0.13560007416248238,0.9364838282284317,0.857450370724707,0.022099077789065523,18.25497281780728,-0.298030361533165
FedAvg,norm-matched,honest:trafficCongestionSybil:7802626606,honest,trafficCongestionSybil,90,88.88888888888889,0.0,0.0,0.0,0.0,45,0.0,0.0,0.0,35,1.900222897529602,1.4750019806051053,0.05980685719386645,0.93459520845403,0.8284451586982724,0.031539157260272656,0.9364838282284317,0.857450370724707,0.022099077789065523,0.9999999973123291,0.32052876551946
FedAvg,boosted,honest:trafficCongestionSybil:7802626606,honest,trafficCongestionSybil,90,88.88888888888889,0.0,1.0,0.0,1.0,45,1.0,0.0,1.0,35,23.82835578918457,18.496183805227957,0.7499641614155437,0.6452236957798743,0.3352755119027801,0.1867502993615835,0.9364838282284317,0.857450370724707,0.022099077789065523,19.30978339102045,-0.3177359402179718
FedAvg,norm-matched,honest:dataReplay:5628007782,honest,dataReplay,160,40.0,21.875,0.0,0.0,0.0,34,0.0,0.0,0.0,30,1.7276924848556519,1.3410794282879352,0.05437670383353992,0.9355834015031138,0.8446533490011751,0.025108928930141532,0.9364838282284317,0.857450370724707,0.022099077789065523,0.999999684503702,0.3738612433274587
FedAvg,boosted,honest:dataReplay:5628007782,honest,dataReplay,160,40.0,21.875,0.5882352941176471,0.0,0.5882352941176471,34,1.0,0.0,1.0,30,23.059335708618164,17.899250601531058,0.7257603302768684,0.6878521015455995,0.3403292006939449,0.19487953100019362,0.9364838282284317,0.857450370724707,0.022099077789065523,17.85128749446055,-0.3189714252948761
FedAvg,norm-matched,honest:randomSpeedOffset:5142823020,honest,randomSpeedOffset,112,59.82142857142857,0.0,0.0,0.0,0.0,34,0.0,0.0,0.0,33,1.9483643770217896,1.5123706375624297,0.06132204290857067,0.9358559388337168,0.8483063328424153,0.02755747623412444,0.9364838282284317,0.857450370724707,0.022099077789065523,1.0000000953294046,0.28666215141614276
FedAvg,boosted,honest:randomSpeedOffset:5142823020,honest,randomSpeedOffset,112,59.82142857142857,0.0,0.058823529411764705,0.0,0.058823529411764705,34,0.48484848484848486,0.0,0.48484848484848486,33,27.26908302307129,21.1669649495362,0.8582562373544426,0.8053566740993117,0.6531585220500596,0.0352401336853833,0.9364838282284317,0.857450370724707,0.022099077789065523,20.72821232560398,-0.3388194143772125
RS-WeightedTrim,honest (rerun),attacker:positionMirroring:2530385657,attacker,positionMirroring,117,35.8974358974359,76.19047619047619,0.0,0.0,0.0,25,0.0,0.0,0.0,17,0.0,0.0,0.0,0.9310052379584167,0.835705950991832,0.034935307737279785,0.9310053866654678,0.8352570828961176,0.034935307737279785,,
RS-WeightedTrim,honest (rerun),attacker:randomPositionOffset:5274206664,attacker,randomPositionOffset,79,94.9367088607595,100.0,0.0,0.0,0.0,39,0.0,0.0,0.0,36,0.0,0.0,0.0,0.9310052379584167,0.835705950991832,0.034935307737279785,0.9310053866654678,0.8352570828961176,0.034935307737279785,,
RS-WeightedTrim,honest (rerun),attacker:randomSpeedOffset:7761870589,attacker,randomSpeedOffset,232,96.12068965517241,100.0,0.0,0.0,0.0,111,0.0,0.0,0.0,112,0.0,0.0,0.0,0.9310052379584167,0.835705950991832,0.034935307737279785,0.9310053866654678,0.8352570828961176,0.034935307737279785,,
RS-WeightedTrim,honest (rerun),attacker:dosAttack:2334700212,attacker,dosAttack,82,100.0,100.0,0.0,0.0,0.0,41,0.0,0.0,0.0,41,0.0,0.0,0.0,0.9310052379584167,0.835705950991832,0.034935307737279785,0.9310053866654678,0.8352570828961176,0.034935307737279785,,
RS-WeightedTrim,honest (rerun),attacker:dataReplay:4623714049,attacker,dataReplay,117,79.48717948717949,95.6989247311828,0.0,0.0,0.0,59,0.0,0.0,0.0,34,0.0,0.0,0.0,0.9310052379584167,0.835705950991832,0.034935307737279785,0.9310053866654678,0.8352570828961176,0.034935307737279785,,
RS-WeightedTrim,honest (rerun),honest:zeroSpeedReport:9129455203,honest,zeroSpeedReport,286,52.44755244755245,14.000000000000002,0.0,0.0,0.0,112,0.0,0.0,0.0,38,0.0,0.0,0.0,0.9310052379584167,0.835705950991832,0.034935307737279785,0.9310053866654678,0.8352570828961176,0.034935307737279785,,
RS-WeightedTrim,honest (rerun),honest:feignedBraking:4434209032,honest,feignedBraking,60,23.333333333333332,0.0,0.0,0.0,0.0,14,0.0,0.0,0.0,0,0.0,0.0,0.0,0.9310052379584167,0.835705950991832,0.034935307737279785,0.9310053866654678,0.8352570828961176,0.034935307737279785,,
RS-WeightedTrim,honest (rerun),honest:trafficCongestionSybil:7802626606,honest,trafficCongestionSybil,90,77.77777777777779,0.0,0.0,0.0,0.0,40,0.0,0.0,0.0,30,0.0,0.0,0.0,0.9310052379584167,0.835705950991832,0.034935307737279785,0.9310053866654678,0.8352570828961176,0.034935307737279785,,
RS-WeightedTrim,honest (rerun),honest:dataReplay:5628007782,honest,dataReplay,160,23.125,48.64864864864865,0.0,0.0,0.0,20,0.0,0.0,0.0,17,0.0,0.0,0.0,0.9310052379584167,0.835705950991832,0.034935307737279785,0.9310053866654678,0.8352570828961176,0.034935307737279785,,
RS-WeightedTrim,honest (rerun),honest:randomSpeedOffset:5142823020,honest,randomSpeedOffset,112,53.57142857142857,0.0,0.0,0.0,0.0,28,0.0,0.0,0.0,32,0.0,0.0,0.0,0.9310052379584167,0.835705950991832,0.034935307737279785,0.9310053866654678,0.8352570828961176,0.034935307737279785,,
RS-WeightedTrim,norm-matched,attacker:positionMirroring:2530385657,attacker,positionMirroring,117,35.8974358974359,76.19047619047619,0.0,0.0,0.0,25,0.0,0.0,0.0,17,0.7808234095573425,0.884737636355679,0.02669700047345243,0.9318956678576903,0.8426939832803485,0.033668012354891044,0.9310053866654678,0.8352570828961176,0.034935307737279785,1.0000001983466074,0.6092182596524557
RS-WeightedTrim,boosted,attacker:positionMirroring:2530385657,attacker,positionMirroring,117,35.8974358974359,76.19047619047619,0.0,0.0,0.0,25,0.0,0.0,0.0,17,0.936795711517334,1.0614671811976655,0.0320298229379223,0.9320748642543869,0.8481110254433307,0.03199248993119633,0.9310053866654678,0.8352570828961176,0.034935307737279785,18.45068439485395,-0.3066213329633077
RS-WeightedTrim,norm-matched,attacker:randomPositionOffset:5274206664,attacker,randomPositionOffset,79,94.9367088607595,100.0,0.0,0.0,0.0,39,0.0,0.0,0.0,36,0.8815241456031799,0.9988399162027696,0.03014004222269611,0.9300251246565969,0.8274310762487023,0.03870651238088201,0.9310053866654678,0.8352570828961176,0.034935307737279785,0.9999998633681133,0.3333400885264079
RS-WeightedTrim,boosted,attacker:randomPositionOffset:5274206664,attacker,randomPositionOffset,79,94.9367088607595,100.0,0.0,0.0,0.0,39,0.0,0.0,0.0,36,1.00467848777771,1.1383839927106736,0.034350791402469126,0.9309810457057882,0.843235589120302,0.03353045517227888,0.9310053866654678,0.8352570828961176,0.034935307737279785,26.877270511063443,-0.38617198665936786
RS-WeightedTrim,norm-matched,attacker:randomSpeedOffset:7761870589,attacker,randomSpeedOffset,232,96.12068965517241,100.0,0.0,0.0,0.0,111,0.0,0.0,0.0,112,0.8898638486862183,1.0082894909763773,0.030425183593243064,0.9304852371840673,0.8287414081903772,0.0369666569486675,0.9310053866654678,0.8352570828961176,0.034935307737279785,0.9999998994279263,0.3491894801457723
RS-WeightedTrim,boosted,attacker:randomSpeedOffset:7761870589,attacker,randomSpeedOffset,232,96.12068965517241,100.0,0.0,0.0,0.0,111,0.0,0.0,0.0,112,1.0110008716583252,1.1455477776359229,0.034566958955065716,0.9295848234465208,0.8235969900626113,0.03880448267212783,0.9310053866654678,0.8352570828961176,0.034935307737279785,26.611860156097038,-0.36398832003275555
RS-WeightedTrim,norm-matched,attacker:dosAttack:2334700212,attacker,dosAttack,82,100.0,100.0,0.0,0.0,0.0,41,0.0,0.0,0.0,41,0.8505870699882507,0.9637856455184077,0.02908227792896518,0.9311136562164343,0.83568130005261,0.03615136936479138,0.9310053866654678,0.8352570828961176,0.034935307737279785,0.9999999986277847,0.43324014544487
RS-WeightedTrim,boosted,attacker:dosAttack:2334700212,attacker,dosAttack,82,100.0,100.0,0.0,0.0,0.0,41,0.0,0.0,0.0,41,0.9887571334838867,1.1203437787607815,0.03380642708408737,0.9298640645229269,0.8320650595410979,0.03700501290563111,0.9310053866654678,0.8352570828961176,0.034935307737279785,22.912572684945513,-0.38664791981379193
RS-WeightedTrim,norm-matched,attacker:dataReplay:4623714049,attacker,dataReplay,117,79.48717948717949,95.6989247311828,0.0,0.0,0.0,59,0.0,0.0,0.0,34,0.8070769309997559,0.91448505199751,0.027594630162571562,0.9308043093986252,0.838475073313783,0.03344729550896211,0.9310053866654678,0.8352570828961176,0.034935307737279785,1.0000001648355876,0.5176301598548889
RS-WeightedTrim,boosted,attacker:dataReplay:4623714049,attacker,dataReplay,117,79.48717948717949,95.6989247311828,0.0,0.0,0.0,59,0.0,0.0,0.0,34,0.9579041004180908,1.0853847352498927,0.03275153627486848,0.9301877388456828,0.8335177313224247,0.03564686428865155,0.9310053866654678,0.8352570828961176,0.034935307737279785,21.010663258604126,-0.35220372676849365
RS-WeightedTrim,norm-matched,honest:zeroSpeedReport:9129455203,honest,zeroSpeedReport,286,52.44755244755245,14.000000000000002,0.0,0.0,0.0,112,0.0,0.0,0.0,38,0.8747283220291138,0.9911396848669569,0.029907687374015026,0.9311693827623735,0.8351802169602239,0.035739107512194335,0.9310053866654678,0.8352570828961176,0.034935307737279785,1.000000074000798,0.364380806684494
RS-WeightedTrim,boosted,honest:zeroSpeedReport:9129455203,honest,zeroSpeedReport,286,52.44755244755245,14.000000000000002,0.0,0.0,0.0,112,0.0,0.0,0.0,38,1.0061317682266235,1.140030679904725,0.034400480267272375,0.9305435867010774,0.8378932567812994,0.03427131514247586,0.9310053866654678,0.8352570828961176,0.034935307737279785,25.218545523688647,-0.3987453083197276
RS-WeightedTrim,norm-matched,honest:feignedBraking:4434209032,honest,feignedBraking,60,23.333333333333332,0.0,0.0,0.0,0.0,14,0.0,0.0,0.0,0,0.829651951789856,0.9400644215323404,0.02836648886115127,0.931885354363909,0.8483660130718954,0.03213214519099577,0.9310053866654678,0.8352570828961176,0.034935307737279785,0.9999999923362806,0.4765270749727885
RS-WeightedTrim,boosted,honest:feignedBraking:4434209032,honest,feignedBraking,60,23.333333333333332,0.0,0.0,0.0,0.0,14,0.0,0.0,0.0,0,0.9858289361000061,1.1170258884407844,0.033706309585063945,0.9303548760382144,0.8355066955148822,0.035072173276955276,0.9310053866654678,0.8352570828961176,0.034935307737279785,22.276489995541862,-0.3354855179786682
RS-WeightedTrim,norm-matched,honest:trafficCongestionSybil:7802626606,honest,trafficCongestionSybil,90,77.77777777777779,0.0,0.0,0.0,0.0,40,0.0,0.0,0.0,30,0.8584426045417786,0.972686617221009,0.02935086517561759,0.9313578180588449,0.8417024783658091,0.034526008165109826,0.9310053866654678,0.8352570828961176,0.034935307737279785,1.0000000025082454,0.42099231481552124
RS-WeightedTrim,boosted,honest:trafficCongestionSybil:7802626606,honest,trafficCongestionSybil,90,77.77777777777779,0.0,0.0,0.0,0.0,40,0.0,0.0,0.0,30,1.0114669799804688,1.146075916995183,0.03458289558548001,0.92978617182659,0.8277017270259343,0.037585969165478184,0.9310053866654678,0.8352570828961176,0.034935307737279785,22.493056238938603,-0.4361271560192108
RS-WeightedTrim,norm-matched,honest:dataReplay:5628007782,honest,dataReplay,160,23.125,48.64864864864865,0.0,0.0,0.0,20,0.0,0.0,0.0,17,0.8255959749221802,0.9354686635887419,0.028227811645494996,0.9317080825933286,0.8445598913749336,0.03308855586797483,0.9310053866654678,0.8352570828961176,0.034935307737279785,1.0000004070282957,0.5079672336578369
RS-WeightedTrim,boosted,honest:dataReplay:5628007782,honest,dataReplay,160,23.125,48.64864864864865,0.0,0.0,0.0,20,0.0,0.0,0.0,17,0.9955692291259766,1.1280624476982666,0.03403933828828036,0.9297693175105134,0.8253986529272926,0.03810942207619161,0.9310053866654678,0.8352570828961176,0.034935307737279785,20.236368715223715,-0.40826038519541424
RS-WeightedTrim,norm-matched,honest:randomSpeedOffset:5142823020,honest,randomSpeedOffset,112,53.57142857142857,0.0,0.0,0.0,0.0,28,0.0,0.0,0.0,32,0.8593305349349976,0.9736927159466996,0.0293812242527636,0.9308018619908747,0.8334591925646239,0.0371389527924074,0.9310053866654678,0.8352570828961176,0.034935307737279785,0.9999998214132816,0.3941696186860402
RS-WeightedTrim,boosted,honest:randomSpeedOffset:5142823020,honest,randomSpeedOffset,112,53.57142857142857,0.0,0.0,0.0,0.0,28,0.0,0.0,0.0,32,1.0022168159484863,1.1355947145089538,0.03426662479938595,0.9302391679033444,0.8341984020528372,0.03600362207151027,0.9310053866654678,0.8352570828961176,0.034935307737279785,23.733688115486796,-0.4139268696308136
