Aggregator,Model,Targets,n targets,"ADDR future, mean","ADDR future, worst",wrongly accepted (future),wrongly rejected (future),"ADDR seen, mean","ADDR seen, worst",val F1,val F1 (honest),val ECE,val ECE (honest),‖Δθ‖ / round update
FedAvg,honest (rerun),attacker,5,0.0,0.0,0.0,0.0,0.0,0.0,0.857450370724707,0.857450370724707,0.022099077789065523,0.022099077789065523,0.0
FedAvg,honest (rerun),honest,5,0.0,0.0,0.0,0.0,0.0,0.0,0.857450370724707,0.857450370724707,0.022099077789065523,0.022099077789065523,0.0
FedAvg,norm-matched,attacker,5,0.0,0.0,0.0,0.0,0.042105263157894736,0.21052631578947367,0.8431121120217082,0.857450370724707,0.02537520949374823,0.022099077789065523,1.400341117721504
FedAvg,boosted,attacker,5,0.35601687259810444,0.8292682926829268,0.31157242815366004,0.04444444444444444,0.514025974025974,1.0,0.5217429492409276,0.857450370724707,0.10789268533160556,0.022099077789065523,18.174620886084174
FedAvg,norm-matched,honest,5,0.0,0.0,0.0,0.0,0.0,0.0,0.8367403564864633,0.857450370724707,0.029173889896137097,0.022099077789065523,1.4509590474206224
FedAvg,boosted,honest,5,0.6008403361344538,1.0,0.0,0.6008403361344538,0.676969696969697,1.0,0.4209739227807665,0.857450370724707,0.1502334082064281,0.022099077789065523,19.019843646198773
RS-WeightedTrim,honest (rerun),attacker,5,0.0,0.0,0.0,0.0,0.0,0.0,0.8357059509918321,0.8352570828961176,0.034935307737279785,0.034935307737279785,0.0
RS-WeightedTrim,honest (rerun),honest,5,0.0,0.0,0.0,0.0,0.0,0.0,0.8357059509918321,0.8352570828961176,0.034935307737279785,0.034935307737279785,0.0
RS-WeightedTrim,norm-matched,attacker,5,0.0,0.0,0.0,0.0,0.0,0.0,0.8346045682171642,0.8352570828961176,0.03578796931163881,0.034935307737279785,0.9540275482101487
RS-WeightedTrim,boosted,attacker,5,0.0,0.0,0.0,0.0,0.0,0.0,0.8361052790979533,0.8352570828961176,0.03539586099397714,0.034935307737279785,1.1102254931109872
RS-WeightedTrim,norm-matched,honest,5,0.0,0.0,0.0,0.0,0.0,0.0,0.8406535584674971,0.8352570828961176,0.034524953905736434,0.034935307737279785,0.9626104206311495
RS-WeightedTrim,boosted,honest,5,0.0,0.0,0.0,0.0,0.0,0.0,0.8321397468604491,0.8352570828961176,0.036208500346522246,0.034935307737279785,1.1333579295095826
