Model,Seed,T,ECE before,Brier before,NLL before,F1 before,Precision before,Recall before,PR-AUC before,ROC-AUC before,ECE after,Brier after,NLL after,F1 after,Precision after,Recall after,PR-AUC after,ROC-AUC after
GRU [softmax],0,1.0234874970743206,0.015883217215635653,0.05463262227338184,0.2011186254277571,0.8243023929191898,0.8188810841140081,0.8297959624311778,0.8853828365626273,0.9362809412527782,0.01496051605816637,0.054605569344683406,0.20057981756190846,0.8243023929191898,0.8188810841140081,0.8297959624311778,0.8853828365935068,0.9362809409595786
GAT [softmax],0,1.053369657380152,0.01802169993667424,0.051089316145510086,0.20111603052033492,0.8402963221610726,0.9364067280991881,0.7620785202778078,0.874140987133944,0.9139662037538472,0.016961087612315243,0.05114649436709142,0.2004985713867683,0.8402963221610726,0.9364067280991881,0.7620785202778078,0.8741409874919196,0.9139662038685776
GAT+GRU [softmax],0,1.0633600797466687,0.03388686387445762,0.049595041553317135,0.2001368364739192,0.8675138037969896,0.9140785016935644,0.8254633128216201,0.9108249335689274,0.9435554438040419,0.032739384569540265,0.04949851874188199,0.19717825995873334,0.8675138037969896,0.9140785016935644,0.8254633128216201,0.9108249337816303,0.9435554437785463
RAVEN-X [evidential],0,0.9803755559443161,0.031705431454828306,0.04881970346818878,0.18710347013481632,0.8755267348913764,0.9301900081767472,0.8269315196660549,0.9145382206017748,0.944468495861091,0.031202223243123554,0.04883798630793209,0.18722385169413158,0.8755276833747352,0.930183042834128,0.8269387167584296,0.9145379631109437,0.9444684361567433
RAVEN-X [softmax],0,16.822577190941296,0.054871428980316106,0.054616410786739324,0.7039977195721658,0.8769026246930324,0.9374897604770799,0.8236712368203246,0.9000933191274694,0.9429767290130451,0.051980800470058035,0.04942593493226652,0.19398766209581836,0.8769026246930324,0.9374897604770799,0.8236712368203246,0.9140659422724381,0.9442060691260564
RAVEN-X-GF [evidential],0,0.8244855094427442,0.018789805749668355,0.04086961419479932,0.16464481848233484,0.8806035326537066,0.9231910711889558,0.8417719241426463,0.9194015063751853,0.9449916738233245,0.013480718430406224,0.04101236549330683,0.16539476683028576,0.880549595332204,0.9230811728029675,0.8417647270502717,0.9193546999638857,0.9449692468638011
RAVEN-X-GF [softmax],0,10.645675165527733,0.04456825547842216,0.04489608734760502,0.5890241646310743,0.8799314667027368,0.9205443267847456,0.842750728705603,0.9116158109885159,0.9446417145867437,0.0400886961201774,0.0430610819941783,0.17685274449736227,0.8799314667027368,0.9205443267847456,0.842750728705603,0.9199945465860695,0.9454005401726484
GRU [softmax],1,1.0671041612527612,0.032838765440204885,0.0563321667429704,0.20436954555051717,0.8309273214637574,0.859398311210914,0.804282269962935,0.8947198313633948,0.9400503934716179,0.030298533118112373,0.05606425586249599,0.2024509773621464,0.8309273214637574,0.859398311210914,0.804282269962935,0.8947198316559485,0.940050393395131
GAT [softmax],1,0.9942692091512021,0.019007568837769922,0.05193546377428546,0.20078481301174925,0.8407191874177758,0.9319197015082243,0.7657778257583936,0.8763303156838931,0.9161820700242798,0.019177058842304653,0.05192568899040367,0.20079694551153326,0.8407191874177758,0.9319197015082243,0.7657778257583936,0.8763303160510244,0.9161820697247063
GAT+GRU [softmax],1,1.0619025209129636,0.03009245010408842,0.045969447902216354,0.1821247257263115,0.8756531866313192,0.9361254228680488,0.8225197020403757,0.9167730731222875,0.9460293149972848,0.03061282559817209,0.04598226427671635,0.1806238506026876,0.8756531866313192,0.9361254228680488,0.8225197020403757,0.9167730736440549,0.9460293150801455
RAVEN-X [evidential],1,0.8472438136776106,0.03991472321075402,0.05256670153012719,0.19716048327530175,0.8614840277233488,0.8947343938971067,0.8306164309618914,0.9132064141522976,0.9442122102029589,0.03537634412264856,0.0528493330139118,0.1983954154249419,0.861056109302577,0.8934286687095676,0.8309474972111267,0.9132035442275509,0.944213757971408
RAVEN-X [softmax],1,14.157262048118788,0.06008823122040872,0.059664557388514394,0.7276529019008076,0.8621524526499961,0.8949826507218539,0.8316456151714707,0.9053788465102439,0.943107046216199,0.056170963097287745,0.05234550014489747,0.1993984296504464,0.8621524526499961,0.8949826507218539,0.8316456151714707,0.9125509955772005,0.9437018164796036
RAVEN-X-GF [evidential],1,0.6236303144586995,0.04363960382377835,0.047005538503505875,0.1850821566026171,0.8780520651356619,0.9142038107404926,0.8446507610925186,0.9178444588236793,0.944366433359674,0.029928142520555378,0.0467679875604243,0.18544566229325807,0.87811941124971,0.9144257517551994,0.8445859872611465,0.9178380167495662,0.9443644243182514
RAVEN-X-GF [softmax],1,12.305896898612174,0.04974979038108107,0.049672103164713405,0.6502457261326381,0.8762445066516574,0.9088020164844511,0.8459390406275864,0.8982180380335445,0.9424657362830501,0.05742859431546534,0.04809128500077381,0.20048001533600662,0.8762445066516574,0.9088020164844511,0.8459390406275864,0.9178640605419829,0.9443443294869108
GRU [softmax],2,1.0337733019034079,0.016714864967621274,0.05168594314444351,0.19292088242482522,0.8338429356006078,0.8445943950624576,0.8233617618482133,0.8961229395565404,0.9404256951673612,0.015491429194052189,0.05166332425349824,0.19235139229052425,0.8338429356006078,0.8445943950624576,0.8233617618482133,0.8961229402084878,0.9404256952948392
GAT [softmax],2,1.0927871879497781,0.017922552696317533,0.050168025500574226,0.19794289363149545,0.8444495438252214,0.9377026421460517,0.768066501133542,0.8768678611243205,0.915992190037747,0.014179928210665447,0.05020027854954636,0.19648814480923285,0.8444495438252214,0.9377026421460517,0.768066501133542,0.876867861794195,0.9159921901142338
GAT+GRU [softmax],2,1.0099035695164846,0.028244187840879384,0.04737148489470952,0.19356150300278893,0.8645217162113824,0.9065224257738471,0.8262405987980855,0.9047523655692762,0.9429132425188265,0.028410594704595855,0.04737716424250391,0.19326186805673293,0.8645217162113824,0.9065224257738471,0.8262405987980855,0.9047523658718442,0.9429132427036695
RAVEN-X [evidential],2,0.9281091941992575,0.03349937822589073,0.04918362122904705,0.18857674023333376,0.8682763676349308,0.9246871111761692,0.8183525855554356,0.9116876210523143,0.9435187739507267,0.03151715859639189,0.049225936798787416,0.18887611356296716,0.8682658727886873,0.924305216967333,0.8186332721580482,0.9116849926523837,0.9435182006245415
RAVEN-X [softmax],2,13.343387907140071,0.054005829096412106,0.05417651245464771,0.6803746820797663,0.8675894271658467,0.9163657616832531,0.8237432077440714,0.9014278362864546,0.9424021479848554,0.0470520536852072,0.04885438912319063,0.1943267297953255,0.8675894271658467,0.9163657616832531,0.8237432077440714,0.9111348810844606,0.9431809817935091
RAVEN-X-GF [evidential],2,0.7443679272639572,0.04166942313790831,0.05008960294394343,0.19780083194086087,0.8743735921049179,0.9122984028657688,0.8394760516751233,0.917602205998839,0.9441523147337223,0.036341355976794866,0.049993033805145144,0.20002969493697104,0.8743455301159213,0.9121948167727607,0.8395120371369966,0.9175993938092183,0.9441513830284769
RAVEN-X-GF [softmax],2,19.032810066947594,0.05284690043421532,0.052769056486566684,0.746876094207808,0.8743532336445798,0.9111686811857701,0.8403972794990824,0.8846418613982863,0.9409331631418418,0.057469090729559,0.049237282823302815,0.2043528606593483,0.8743532336445798,0.9111686811857701,0.8403972794990824,0.917641817667028,0.9441954837498009
