Evidence,H,Horizon,F1,Evidence cost,Total cost
a1-a4,2,fixed H,0.98116955117389,1.4982122633878012,2.6179339912635498
a1-a4,2,geometric cap,0.98116955117389,1.4982122633878012,2.6179339912635498
a1-a4,2,trivial rule,0.98116955117389,1.4982122633878012,2.6179339912635498
a1-a4,3,fixed H,0.976564308309544,1.28718653939492,2.6419834978158874
a1-a4,3,geometric cap,0.9810989604428244,1.4962627406568516,2.6067626597637923
a1-a4,3,trivial rule,0.9808569527354787,1.4932049830124576,2.617456722213234
a1-a4,5,fixed H,0.9686995114165029,1.2768564957126678,3.1872269859246076
a1-a4,5,geometric cap,0.9806635967833801,1.49920724801812,2.652256916356577
a1-a4,5,trivial rule,0.9804216722149853,1.4963598123281023,2.6464973305290407
a1-a4,10,fixed H,0.9662660701579968,1.29359326969746,3.349085908429057
a1-a4,10,geometric cap,0.9801102093205045,1.5072237502022328,2.674187024753276
a1-a4,10,trivial rule,0.9798674551189914,1.5044167610419026,2.668467885455428
a1 only,2,fixed H,0.9521360797444188,0.43442808607021516,2.8976217440543603
a1 only,2,geometric cap,0.9521360797444188,0.43442808607021516,2.8976217440543603
a1 only,2,trivial rule,0.9521360797444188,0.43442808607021516,2.8976217440543603
a1 only,3,fixed H,0.9546009204723426,0.49909399773499435,2.8943374858437148
a1 only,3,geometric cap,0.9546009204723426,0.49909399773499435,2.8943374858437148
a1 only,3,trivial rule,0.9546009204723426,0.49909399773499435,2.8943374858437148
a1 only,5,fixed H,0.9565861210203944,0.5843795502345899,2.9249393302054685
a1 only,5,geometric cap,0.9565861210203944,0.5843795502345899,2.9249393302054685
a1 only,5,trivial rule,0.9565861210203944,0.5843795502345899,2.9249393302054685
a1 only,10,fixed H,0.9614165926040419,0.6699482284419996,2.929453162918622
a1 only,10,geometric cap,0.9614165926040419,0.6699482284419996,2.929453162918622
a1 only,10,trivial rule,0.9614165926040419,0.6699482284419996,2.929453162918622
