Evidence,H,Horizon,F1,Precision,Recall,Accuracy,Evidence cost,Error cost,Total cost,Observations,Queries,Decided at once (%),PR-AUC,Horizon shrunk at start (%)
a1-a4,1,fixed H,0.9526310870174782,0.9288096670129586,0.9777065786696851,0.9590033975084937,1.187833683869924,1.5719139297848244,2.7597476136547483,1.0,0.3705468370813784,62.94531629186216,0.98963431416773,
a1-a4,1,constant,0.9526310870174782,0.9288096670129586,0.9777065786696851,0.9590033975084937,1.187833683869924,1.5719139297848244,2.7597476136547483,1.0,0.3705468370813784,62.94531629186216,0.98963431416773,0.0
a1-a4,1,age,0.9282243319612424,0.9464449495553695,0.9106920169598833,0.9406164051124414,0.16215013751820093,4.200129428895001,4.362279566413202,1.0,0.057790001617861186,94.22099983821388,0.9740731753008247,64.79938521274875
a1-a4,1,geometric,0.9280727486066296,0.9463577083374878,0.9104809776873933,0.9404950655233781,0.15948066655880924,4.20967480990131,4.3691554764601195,1.0,0.05688399935285553,94.31160006471445,0.9739772936853446,65.96181847597477
a1-a4,1,oracle (true steps left),0.9514194284858806,0.9285857792551734,0.9754043320607025,0.9580003235722375,1.1535188480828344,1.6696327455104352,2.82315159359327,1.0,0.3595696489241223,64.04303510758777,0.9896745050618677,35.35026694709594
a1-a4,2,fixed H,0.98116955117389,0.9862187936114126,0.9761717475970301,0.9842015855039637,1.4982122633878012,1.1197217278757483,2.6179339912635498,1.0,0.43405597799708784,62.94531629186216,0.9921997289785124,
a1-a4,2,constant,0.98116955117389,0.9862187936114126,0.9761717475970301,0.9842015855039637,1.4982122633878012,1.1197217278757483,2.6179339912635498,1.0,0.43405597799708784,62.94531629186216,0.9921997289785124,0.0
a1-a4,2,age,0.9300407491575895,0.9501250875612929,0.9107879439019243,0.9422261769940139,0.1839669956317748,4.16469826888853,4.348665264520304,1.0,0.06255460281507846,94.22099983821388,0.974466964587978,64.79938521274875
a1-a4,2,geometric,0.9298211241942752,0.949958966352409,0.9105193484642097,0.9420482122633878,0.18173434719301085,4.1773175861511085,4.359051933344119,1.0,0.06174567222132341,94.31160006471445,0.9743723728783471,66.99644070538749
a1-a4,2,oracle (true steps left),0.979604426109419,0.9843292978208232,0.9749246973504979,0.982883028636143,1.4555007280375343,1.188157256107426,2.6436579841449603,1.0,0.42136385698107104,64.04303510758777,0.9925421060112423,37.93480019414334
a1-a4,3,fixed H,0.976564308309544,0.9816958486029511,0.9714861364290511,0.9803429865717521,1.28718653939492,1.3547969584209676,2.6419834978158874,1.1199401391360622,0.49459634363371624,63.25432777867659,0.9916249547201844,
a1-a4,3,constant,0.976564308309544,0.9816958486029511,0.9714861364290511,0.9803429865717521,1.28718653939492,1.3547969584209676,2.6419834978158874,1.1199401391360622,0.49459634363371624,63.25432777867659,0.9916249547201844,0.0
a1-a4,3,age,0.9288534064749963,0.9484096819363873,0.9100873404357424,0.9412473709755703,0.17504449118265653,4.206277301407539,4.381321792590196,1.0168419349619802,0.07476136547484226,94.3933020546837,0.973784978397168,64.79938521274875
a1-a4,3,geometric,0.9290081122388997,0.9487323154503432,0.9100873404357424,0.9413848891765086,0.17404141724640027,4.203526937388772,4.377568354635172,1.0163889338294774,0.0738877204335868,94.42161462546514,0.9738745243954205,67.69212101601683
a1-a4,3,oracle (true steps left),0.9759942880299493,0.9814106917628797,0.9706373423916173,0.9798738068273742,1.2679501698754247,1.392654910208704,2.660605080084129,1.1153211454457208,0.48314188642614464,64.04303510758777,0.9917478962234092,40.17958259181362
a1-a4,5,fixed H,0.9686995114165029,0.978990026164106,0.9586230809238534,0.9739847921048375,1.2768564957126678,1.9103704902119398,3.1872269859246076,1.13398317424365,0.5287332146901795,63.109529202394434,0.9898130620354971,
a1-a4,5,constant,0.9686995114165029,0.978990026164106,0.9586230809238534,0.9739847921048375,1.2768564957126678,1.9103704902119398,3.1872269859246076,1.13398317424365,0.5287332146901795,63.109529202394434,0.9898130620354971,0.0
a1-a4,5,age,0.9283453068185159,0.9478635044531172,0.9096147197787424,0.9408590842905679,0.17719624656204497,4.228280213557677,4.405476460119722,1.0229898074745187,0.08156447176832228,94.30917327293318,0.9738444146235126,64.79938521274875
a1-a4,5,geometric,0.9287674993137524,0.9486511925980814,0.9097002170113883,0.9412231030577577,0.1773418540689209,4.218411260313865,4.395753114382786,1.022658145931079,0.08079598770425497,94.37631451221485,0.9740498750911023,69.59472577252872
a1-a4,5,oracle (true steps left),0.9692528091530148,0.9809444904722452,0.9578365467958472,0.974478239767028,1.2645122148519656,1.927034460443294,3.1915466752952595,1.1282802135576768,0.5162918621582269,64.04303510758777,0.9894875034853101,45.63986409966025
a1-a4,10,fixed H,0.9662660701579968,0.9773256043219369,0.9554540372790532,0.9720029121501376,1.29359326969746,2.055492638731597,3.349085908429057,1.1631451221485196,0.5593997734994337,63.109529202394434,0.988700289855014,
a1-a4,10,constant,0.9662660701579968,0.9773256043219369,0.9554540372790532,0.9720029121501376,1.29359326969746,2.055492638731597,3.349085908429057,1.1631451221485196,0.5593997734994337,63.109529202394434,0.988700289855014,0.0
a1-a4,10,age,0.9279559245934103,0.9476413583213199,0.9090717015923017,0.9405516906649409,0.18505096262740656,4.252548131370329,4.437599093997735,1.0391522407377447,0.0970554926387316,94.30917327293318,0.9736878021770493,73.37809415952111
a1-a4,10,geometric,0.9279818042783475,0.9477921297686993,0.908982656961223,0.9405759585827536,0.18530173111147064,4.255298495389096,4.440600226500567,1.0379631127649247,0.09559941756997249,94.37631451221485,0.9736223882511507,77.16793399126355
a1-a4,10,oracle (true steps left),0.9680090621460099,0.9812127571120306,0.9551560000770847,0.9734994337485844,1.2875748260799222,2.0359165183627246,3.3234913444426466,1.1547403332794046,0.5455751496521598,64.04303510758777,0.988890958029483,64.79938521274875
a1 only,1,fixed H,0.9516895205492625,0.9548296221973527,0.9485700046005214,0.959359326969746,0.3292509302701828,2.5491020870409318,2.878353017311115,1.329250930270183,0.3292509302701828,67.07490697298172,0.983146625187376,
a1 only,1,constant,0.9516895205492625,0.9548296221973527,0.9485700046005214,0.959359326969746,0.3292509302701828,2.5491020870409318,2.878353017311115,1.329250930270183,0.3292509302701828,67.07490697298172,0.983146625187376,0.0
a1 only,1,age,0.924170523561232,0.940984649646067,0.9079467403399716,0.9371784500889824,0.024211292671088822,4.361430189289759,4.385641481960848,1.024211292671089,0.024211292671088822,97.57887073289112,0.9722248662976155,64.79938521274875
a1 only,1,geometric,0.924170523561232,0.940984649646067,0.9079467403399716,0.9371784500889824,0.02417893544733862,4.361430189289759,4.385609124737098,1.0241789354473385,0.02417893544733862,97.58210645526614,0.9722217826673284,65.96181847597477
a1 only,1,oracle (true steps left),0.9516895205492625,0.9548296221973527,0.9485700046005214,0.959359326969746,0.3292509302701828,2.5491020870409318,2.878353017311115,1.329250930270183,0.3292509302701828,67.07490697298172,0.983146625187376,35.35026694709594
a1 only,2,fixed H,0.9521360797444188,0.9533159148543764,0.9509591613805791,0.9596424526775603,0.43442808607021516,2.463193657984145,2.8976217440543603,1.4344280860702152,0.43442808607021516,67.07490697298172,0.9835429824762252,
a1 only,2,constant,0.9521360797444188,0.9533159148543764,0.9509591613805791,0.9596424526775603,0.43442808607021516,2.463193657984145,2.8976217440543603,1.4344280860702152,0.43442808607021516,67.07490697298172,0.9835429824762252,0.0
a1 only,2,age,0.924728451980933,0.9421587946099799,0.9079313321185384,0.9376638084452354,0.04114220999838214,4.353017311114707,4.394159521113089,1.041142209998382,0.04114220999838214,97.57887073289112,0.9723187886037742,64.79938521274875
a1 only,2,geometric,0.9247179487179488,0.9421576433121019,0.907912151146063,0.9376557191392978,0.041069406244944186,4.353826241708461,4.394895647953406,1.0410694062449442,0.041069406244944186,97.58210645526614,0.9723129988525635,66.99644070538749
a1 only,2,oracle (true steps left),0.9521360797444188,0.9533159148543764,0.9509591613805791,0.9596424526775603,0.43442808607021516,2.463193657984145,2.8976217440543603,1.4344280860702152,0.43442808607021516,67.07490697298172,0.9835429824762252,37.93480019414334
a1 only,3,fixed H,0.9546009204723426,0.9574988916944546,0.9517204383477661,0.9617780294450736,0.49909399773499435,2.3952434881087203,2.8943374858437148,1.4990939977349944,0.49909399773499435,67.07490697298172,0.9836559329878772,
a1 only,3,constant,0.9546009204723426,0.9574988916944546,0.9517204383477661,0.9617780294450736,0.49909399773499435,2.3952434881087203,2.8943374858437148,1.4990939977349944,0.49909399773499435,67.07490697298172,0.9836559329878772,0.0
a1 only,3,age,0.9244212725657323,0.9414911600342064,0.9079593402378212,0.9373806827374211,0.05479695842096748,4.358032680795987,4.412829639216955,1.0547969584209675,0.05479695842096748,97.57887073289112,0.9722633491705138,64.79938521274875
a1 only,3,geometric,0.924412247129579,0.9414911600342064,0.9079419266987592,0.9373725934314836,0.054691797443779326,4.358841611389742,4.413533408833522,1.0546917974437793,0.054691797443779326,97.58210645526614,0.9722575436569386,67.69212101601683
a1 only,3,oracle (true steps left),0.9546009204723426,0.9574988916944546,0.9517204383477661,0.9617780294450736,0.49909399773499435,2.3952434881087203,2.8943374858437148,1.4990939977349944,0.49909399773499435,67.07490697298172,0.9836559329878772,40.17958259181362
a1 only,5,fixed H,0.9565861210203944,0.9608452935154242,0.9523645414512732,0.9634767836919592,0.5843795502345899,2.3405597799708784,2.9249393302054685,1.5843795502345899,0.5843795502345899,67.07490697298172,0.9837524180148867,
a1 only,5,constant,0.9565861210203944,0.9608452935154242,0.9523645414512732,0.9634767836919592,0.5843795502345899,2.3405597799708784,2.9249393302054685,1.5843795502345899,0.5843795502345899,67.07490697298172,0.9837524180148867,0.0
a1 only,5,age,0.9249714358258221,0.9425614489003881,0.9080259222333001,0.937849862481799,0.07561074259828507,4.347354796958421,4.4229655395567065,1.075610742598285,0.07561074259828507,97.57887073289112,0.9723969771411937,64.79938521274875
a1 only,5,geometric,0.9248540238639249,0.9423176409725815,0.9080259222333001,0.9377447015046109,0.0753761527260961,4.349458016502184,4.42483416922828,1.075376152726096,0.0753761527260961,97.58210645526614,0.9723868536529199,69.59472577252872
a1 only,5,oracle (true steps left),0.9565861210203944,0.9608452935154242,0.9523645414512732,0.9634767836919592,0.5843795502345899,2.3405597799708784,2.9249393302054685,1.5843795502345899,0.5843795502345899,67.07490697298172,0.9837524180148867,45.63986409966025
a1 only,10,fixed H,0.9614165926040419,0.9707190511489993,0.9522907337237341,0.967691312085423,0.6699482284419996,2.259504934476622,2.929453162918622,1.6699482284419997,0.6699482284419996,67.07490697298172,0.983862844667524,
a1 only,10,constant,0.9614165926040419,0.9707190511489993,0.9522907337237341,0.967691312085423,0.6699482284419996,2.259504934476622,2.929453162918622,1.6699482284419997,0.6699482284419996,67.07490697298172,0.983862844667524,0.0
a1 only,10,age,0.9263884678200149,0.945633510362177,0.9079111315582648,0.9391117942080569,0.10595372917003722,4.3266461737582915,4.432599902928329,1.1059537291700372,0.10595372917003722,97.57887073289112,0.9725825922896811,73.37809415952111
a1 only,10,geometric,0.9261424744324294,0.9451040648135215,0.9079267708233489,0.938893382947743,0.10481313703284258,4.330367254489564,4.435180391522407,1.1048131370328427,0.10481313703284258,97.58210645526614,0.9725737200159696,77.16793399126355
a1 only,10,oracle (true steps left),0.9614165926040419,0.9707190511489993,0.9522907337237341,0.967691312085423,0.6699482284419996,2.259504934476622,2.929453162918622,1.6699482284419997,0.6699482284419996,67.07490697298172,0.983862844667524,64.79938521274875
a1-a4,1,"validation-chosen (age, q = 0.5, min cap 1)",0.9526310870174782,0.9288096670129586,0.9777065786696851,0.9590033975084937,1.187833683869924,1.5719139297848244,2.7597476136547483,1.0,0.3705468370813784,62.94531629186216,0.98963431416773,0.0
a1-a4,1,"oracle, min cap 1",0.9526310870174782,0.9288096670129586,0.9777065786696851,0.9590033975084937,1.187833683869924,1.5719139297848244,2.7597476136547483,1.0,0.3705468370813784,62.94531629186216,0.98963431416773,0.0
a1-a4,2,"validation-chosen (age, q = 0.5, min cap 1)",0.98116955117389,0.9862187936114126,0.9761717475970301,0.9842015855039637,1.4982122633878012,1.1197217278757483,2.6179339912635498,1.0,0.43405597799708784,62.94531629186216,0.9921997289785124,64.79938521274875
a1-a4,2,"oracle, min cap 1",0.98116955117389,0.9862187936114126,0.9761717475970301,0.9842015855039637,1.4982122633878012,1.1197217278757483,2.6179339912635498,1.0,0.43405597799708784,62.94531629186216,0.9921997289785124,37.93480019414334
a1-a4,3,"validation-chosen (geometric, q = 0.5, min cap 1)",0.9810989604428244,0.985776020773986,0.9764660715999616,0.984144960362401,1.4962627406568516,1.1104999191069407,2.6067626597637923,1.0163889338294774,0.4473305290406083,63.05533085261285,0.9926277944102943,67.69212101601683
a1-a4,3,"oracle, min cap 1",0.9780586646082593,0.9835057147847011,0.9726716180167732,0.98160491829801,1.308946772366931,1.289435366445559,2.59838213881249,1.1153211454457208,0.4955104352046594,62.94531629186216,0.9920106189545201,40.17958259181362
a1-a4,5,"validation-chosen (geometric, q = 0.5, min cap 1)",0.9806635967833801,0.985984392592305,0.9753999193439978,0.9837971202070862,1.49920724801812,1.1530496683384566,2.652256916356577,1.0225125384242033,0.4540284743569002,63.01003073936256,0.9922141925927761,69.59472577252872
a1-a4,5,"oracle, min cap 1",0.9714536414156187,0.9832833346490882,0.9599052059650881,0.976314512214852,1.3072561074259827,1.8204174081863775,3.1276735156123605,1.1286442323248664,0.5294288950008089,62.94531629186216,0.9896690122986984,45.63986409966025
a1-a4,10,"validation-chosen (geometric, q = 0.5, min cap 1)",0.9801102093205045,0.9850057222664055,0.9752631174617807,0.9833279404627083,1.5072237502022328,1.1669632745510434,2.674187024753276,1.0379954699886749,0.46896942242355605,63.01003073936256,0.9918968457829058,77.16793399126355
a1-a4,10,"oracle, min cap 1",0.9700909765335207,0.9829482513055863,0.9575657134047637,0.9752143666073451,1.3299546998867497,1.9207248018120044,3.2506795016987544,1.1548697621744055,0.558404788869115,62.94531629186216,0.9893056493986411,64.79938521274875
a1 only,1,"validation-chosen (geometric, q = 0.75, min cap 0)",0.9516895205492625,0.9548296221973527,0.9485700046005214,0.959359326969746,0.3292185730464326,2.5491020870409318,2.8783206600873643,1.3292185730464325,0.3292185730464326,67.07814269535673,0.9831456826018654,1.1624332632260153
a1 only,2,"validation-chosen (age, q = 0.5, min cap 1)",0.9521360797444188,0.9533159148543764,0.9509591613805791,0.9596424526775603,0.43442808607021516,2.463193657984145,2.8976217440543603,1.4344280860702152,0.43442808607021516,67.07490697298172,0.9835429824762252,64.79938521274875
a1 only,2,"oracle, min cap 1",0.9521360797444188,0.9533159148543764,0.9509591613805791,0.9596424526775603,0.43442808607021516,2.463193657984145,2.8976217440543603,1.4344280860702152,0.43442808607021516,67.07490697298172,0.9835429824762252,37.93480019414334
a1 only,3,"validation-chosen (age, q = 0.5, min cap 1)",0.9546009204723426,0.9574988916944546,0.9517204383477661,0.9617780294450736,0.49909399773499435,2.3952434881087203,2.8943374858437148,1.4990939977349944,0.49909399773499435,67.07490697298172,0.9836559329878772,64.79938521274875
a1 only,3,"oracle, min cap 1",0.9546009204723426,0.9574988916944546,0.9517204383477661,0.9617780294450736,0.49909399773499435,2.3952434881087203,2.8943374858437148,1.4990939977349944,0.49909399773499435,67.07490697298172,0.9836559329878772,40.17958259181362
a1 only,5,"validation-chosen (geometric, q = 0.75, min cap 0)",0.9564364622292301,0.9606017883698025,0.9523071031973961,0.9633473547969584,0.5832470474033328,2.345089791295907,2.9283368386992397,1.5832470474033329,0.5832470474033328,67.07814269535673,0.9837707493968716,4.795340559779971
a1 only,10,"validation-chosen (age, q = 0.5, min cap 1)",0.9614165926040419,0.9707190511489993,0.9522907337237341,0.967691312085423,0.6699482284419996,2.259504934476622,2.929453162918622,1.6699482284419997,0.6699482284419996,67.07490697298172,0.983862844667524,73.37809415952111
a1 only,10,"oracle, min cap 1",0.9614165926040419,0.9707190511489993,0.9522907337237341,0.967691312085423,0.6699482284419996,2.259504934476622,2.929453162918622,1.6699482284419997,0.6699482284419996,67.07490697298172,0.983862844667524,64.79938521274875
