Estimator,Steps,MAE (s),RMSE (s),Bias (s),n
constant,all,10.213108373429346,14.81751090093561,-2.2817655636407204,703520
constant,benign,10.205571814259294,15.047048339272683,-3.1500461476293986,564575
constant,attacker,10.243731662453296,13.845742258902954,1.2463175678530924,138945
constant,true time left ≤ 10 s,7.295538531678648,7.8965120650326,7.295538531678648,380960
age,all,10.158866242065319,14.940475225043459,-2.0494361560857928,703520
age,benign,10.794600891623386,15.404058365149442,-2.2502365683636243,564575
age,attacker,7.575686640249887,12.886369184056893,-1.2335241566489175,138945
age,true time left ≤ 10 s,7.529233707090571,8.739874692540708,6.871167019889306,380960
geometric,all,15.638210399399018,29.615961998642046,5.124098609279921,703520
geometric,benign,16.722457328514817,30.756362025676857,5.59030096370057,564575
geometric,attacker,11.232591557371219,24.440801893537234,3.2297793156958523,138945
geometric,true time left ≤ 10 s,10.504361083884858,23.998204600237447,9.772884519102798,380960
