Test,Model,Seed,F1 (csv),F1 (scores),match
Low → High density,GAT,0,0.6631092219576971,0.6631092219576971,True
Low → High density,GRU,0,0.4349780009878855,0.4349780009878855,True
Low → High density,RAVEN-X-GF,0,0.6974447919813175,0.6974447919813175,True
Low → High density,RAVEN-X,0,0.6046874645233068,0.6046874645233068,True
Low → High density,RandomForest,0,0.8253166986163926,0.8253166986163926,True
Low → High density,XGBoost,0,0.7655073356665937,0.7655073356665937,True
Urban → Highway,GAT,0,0.729952565966677,0.729952565966677,True
Urban → Highway,GRU,0,0.8044301938394931,0.8044301938394931,True
Urban → Highway,RAVEN-X-GF,0,0.7938169960197636,0.7938169960197636,True
Urban → Highway,RAVEN-X,0,0.7622495399441905,0.7622495399441905,True
Urban → Highway,RandomForest,0,0.8468667078186002,0.8468667078186002,True
Urban → Highway,XGBoost,0,0.832440956093985,0.832440956093985,True
highway_2 → urban_2,RAVEN-X-GF,0,0.8975109931367361,0.8975109931367361,True
highway_2 → urban_2,RAVEN-X,0,0.8739623823943339,0.8739623823943339,True
highway_2 → urban_2,XGBoost,0,0.8745856258695416,0.8745856258695416,True
urban_2 → highway_2,RAVEN-X-GF,0,0.8643708459641128,0.8643708459641128,True
urban_2 → highway_2,RAVEN-X,0,0.8695808882331076,0.8695808882331076,True
urban_2 → highway_2,XGBoost,0,0.8571518755104537,0.8571518755104537,True
urban_2 → highway_7,RAVEN-X-GF,0,0.7605405664616484,0.7605405664616484,True
urban_2 → highway_7,RAVEN-X,0,0.7129388143732406,0.7129388143732406,True
urban_2 → highway_7,XGBoost,0,0.820039207144413,0.820039207144413,True
Low → High density,GAT,1,0.4552012522406728,0.45520125224067287,True
Low → High density,GRU,1,0.5934884701263972,0.5934884701263972,True
Low → High density,RAVEN-X-GF,1,0.627670747962387,0.627670747962387,True
Low → High density,RAVEN-X,1,0.6199855739887921,0.6199855739887921,True
Low → High density,RandomForest,1,0.8291092806882983,0.8291092806882983,True
Low → High density,XGBoost,1,0.7440883831654179,0.7440883831654179,True
Urban → Highway,GAT,1,0.8088571428571428,0.8088571428571428,True
Urban → Highway,GRU,1,0.7047902955415307,0.7047902955415307,True
Urban → Highway,RAVEN-X-GF,1,0.5633338115048057,0.5633338115048057,True
Urban → Highway,RAVEN-X,1,0.8035085653132337,0.8035085653132337,True
Urban → Highway,RandomForest,1,0.8396508596856157,0.8396508596856157,True
Urban → Highway,XGBoost,1,0.8382432108306905,0.8382432108306905,True
highway_2 → urban_2,RAVEN-X-GF,1,0.901968550501008,0.9019685505010081,True
highway_2 → urban_2,RAVEN-X,1,0.8760491824392276,0.8760491824392276,True
highway_2 → urban_2,XGBoost,1,0.8725703288617196,0.8725703288617196,True
urban_2 → highway_2,RAVEN-X-GF,1,0.8797698504027618,0.8797698504027618,True
urban_2 → highway_2,RAVEN-X,1,0.8586644201405081,0.8586644201405081,True
urban_2 → highway_2,XGBoost,1,0.8554661790149488,0.8554661790149488,True
urban_2 → highway_7,RAVEN-X-GF,1,0.4767026444625069,0.4767026444625069,True
urban_2 → highway_7,RAVEN-X,1,0.7750474497459644,0.7750474497459644,True
urban_2 → highway_7,XGBoost,1,0.8294455505740578,0.8294455505740578,True
Low → High density,GAT,2,0.6190369918362951,0.6190369918362951,True
Low → High density,GRU,2,0.4503675670112071,0.4503675670112071,True
Low → High density,RAVEN-X-GF,2,0.5034460818235439,0.5034460818235439,True
Low → High density,RAVEN-X,2,0.4122157621698618,0.4122157621698618,True
Low → High density,RandomForest,2,0.8252743484224966,0.8252743484224966,True
Low → High density,XGBoost,2,0.7703010132660912,0.7703010132660912,True
Urban → Highway,GAT,2,0.7273708591281473,0.7273708591281473,True
Urban → Highway,GRU,2,0.7663602749926646,0.7663602749926646,True
Urban → Highway,RAVEN-X-GF,2,0.7351481305695896,0.7351481305695896,True
Urban → Highway,RAVEN-X,2,0.6613288251426108,0.6613288251426108,True
Urban → Highway,RandomForest,2,0.8449150431942001,0.8449150431942001,True
Urban → Highway,XGBoost,2,0.841056398568544,0.841056398568544,True
highway_2 → urban_2,RAVEN-X-GF,2,0.8809341687688177,0.8809341687688177,True
highway_2 → urban_2,RAVEN-X,2,0.8700444616588798,0.8700444616588798,True
highway_2 → urban_2,XGBoost,2,0.8738971758606576,0.8738971758606576,True
urban_2 → highway_2,RAVEN-X-GF,2,0.8801591172346522,0.8801591172346522,True
urban_2 → highway_2,RAVEN-X,2,0.8752319091792224,0.8752319091792224,True
urban_2 → highway_2,XGBoost,2,0.8556837719488061,0.8556837719488061,True
urban_2 → highway_7,RAVEN-X-GF,2,0.6756198734913753,0.6756198734913753,True
urban_2 → highway_7,RAVEN-X,2,0.5854045728858618,0.5854045728858618,True
urban_2 → highway_7,XGBoost,2,0.8335624473407321,0.8335624473407321,True
