Test,Model,Budget,Kind,F1,F1_std,F1_draw_std,Precision,Recall,slice_rcv,slice_steps,seeds
Low → High density,GAT,0.01,oracle,0.7230227281641279,0.03734361592274776,0.013431693432355741,0.7887615994863482,0.667550226504995,15.0,98270.26666666666,3
Low → High density,GAT,0.01,source,0.5760670379207502,0.11357762100157644,0.011065938547814137,0.45042463743803934,0.8480039789861226,15.0,98270.26666666666,3
Low → High density,GAT,0.01,tuned,0.7139655438668254,0.042441618127942525,0.01724125697621305,0.7936042649001521,0.657762580848875,15.0,98270.26666666666,3
Low → High density,GAT,0.05,oracle,0.7270241706524759,0.031485716410544755,0.009673094429120023,0.7929310208789819,0.6713680094280102,15.0,89349.59999999999,3
Low → High density,GAT,0.05,source,0.5780403985811892,0.11017567783173275,0.008924703038928769,0.4516976333887121,0.8497331476434599,15.0,89349.59999999999,3
Low → High density,GAT,0.05,tuned,0.7182118066007105,0.035449514171357055,0.01584815390883318,0.7754115456469233,0.6770012073270794,15.0,89349.59999999999,3
Low → High density,GAT,0.1,oracle,0.7297956452227609,0.029665016917349473,0.015908505950280667,0.7973193519915386,0.6730453048352268,30.0,181747.88333333333,3
Low → High density,GAT,0.1,source,0.5816673052743454,0.10925796556722842,0.015279267081176653,0.45543497762909957,0.8510367202460097,30.0,181747.88333333333,3
Low → High density,GAT,0.1,tuned,0.723115450047268,0.03306052918071798,0.019675536967700465,0.7831424992511545,0.6774223861230463,30.0,181747.88333333333,3
Low → High density,GAT,0.2,oracle,0.7301613092171849,0.033385825807469585,0.02243066174718844,0.7968079956011493,0.6740427997777205,45.0,291310.18333333335,3
Low → High density,GAT,0.2,source,0.5825615336168523,0.10965287135641186,0.01867340820775311,0.4565840729448884,0.8514978849981828,45.0,291310.18333333335,3
Low → High density,GAT,0.2,tuned,0.7243020232468117,0.03790023208746438,0.023065870265349436,0.7910082353370732,0.6731022071207137,45.0,291310.18333333335,3
Low → High density,GRU,0.01,oracle,0.7528304882643823,0.02451906185637792,0.009513678376194651,0.7750125948882425,0.733921870760104,15.0,98270.26666666666,3
Low → High density,GRU,0.01,source,0.490357903338787,0.08313703081571866,0.009172968622953763,0.33732603261282,0.9245984994524101,15.0,98270.26666666666,3
Low → High density,GRU,0.01,tuned,0.7480646405227831,0.02663075455657935,0.011161352339320092,0.76989441583189,0.7310852873495807,15.0,98270.26666666666,3
Low → High density,GRU,0.05,oracle,0.7556406856778312,0.021945483037491623,0.007115055963217765,0.7770268247555884,0.7374517151600664,15.0,89349.59999999999,3
Low → High density,GRU,0.05,source,0.4925696191201163,0.08668481238692712,0.007086854609688498,0.33933564147590706,0.9264575905853776,15.0,89349.59999999999,3
Low → High density,GRU,0.05,tuned,0.7526345446208064,0.02177087361765596,0.008714160308782432,0.7723202068512633,0.7374562805497936,15.0,89349.59999999999,3
Low → High density,GRU,0.1,oracle,0.7581367640870508,0.020819643091124256,0.012614449994230245,0.7787978131723646,0.7405621622412518,30.0,181747.88333333333,3
Low → High density,GRU,0.1,source,0.495299252438788,0.08784158618192216,0.012802251289231409,0.34194207840582974,0.9272786051492462,30.0,181747.88333333333,3
Low → High density,GRU,0.1,tuned,0.7567387993635961,0.020520529931608057,0.012531584290641011,0.7725170671041058,0.7435852268275646,30.0,181747.88333333333,3
Low → High density,GRU,0.2,oracle,0.7575943943878287,0.029752766465468903,0.01547472562796172,0.7774842223465411,0.7407545642612204,45.0,291310.18333333335,3
Low → High density,GRU,0.2,source,0.4954193294415527,0.08702717013795905,0.016194015734754028,0.3420766268703175,0.9268100521125894,45.0,291310.18333333335,3
Low → High density,GRU,0.2,tuned,0.754564131322811,0.030286813556073287,0.014675214225110936,0.7707541201329003,0.7408608983089958,45.0,291310.18333333335,3
Low → High density,RAVEN-X,0.01,oracle,0.685818034830408,0.09737263635957924,0.009765496289674347,0.6876218068963295,0.6865975880328103,15.0,98270.26666666666,3
Low → High density,RAVEN-X,0.01,source,0.5425944428981774,0.1134778577574833,0.010076378670460481,0.4006153977002264,0.8892958170105839,15.0,98270.26666666666,3
Low → High density,RAVEN-X,0.01,tuned,0.6732240189158861,0.11153004449188338,0.0171314697663291,0.701453353558429,0.6640856629652117,15.0,98270.26666666666,3
Low → High density,RAVEN-X,0.05,oracle,0.6891881899245416,0.09989065148741258,0.007241784110487776,0.6910115769888886,0.6897821291706133,15.0,89349.59999999999,3
Low → High density,RAVEN-X,0.05,source,0.5453645634263663,0.11681133952842683,0.0077037431683327036,0.4032703738448072,0.891761567233246,15.0,89349.59999999999,3
Low → High density,RAVEN-X,0.05,tuned,0.672317832993857,0.12350579141153624,0.019764007393511838,0.7114756434003845,0.659936589482923,15.0,89349.59999999999,3
Low → High density,RAVEN-X,0.1,oracle,0.6916806066288981,0.10133337932063806,0.013024346452259632,0.6946793162748127,0.691066721291663,30.0,181747.88333333333,3
Low → High density,RAVEN-X,0.1,source,0.54819519452183,0.11850886821074574,0.013320880867464772,0.4063022729213462,0.8929091734933178,30.0,181747.88333333333,3
Low → High density,RAVEN-X,0.1,tuned,0.679502896444545,0.11816130138682157,0.018034599562410044,0.7037806431675254,0.6719201438881376,30.0,181747.88333333333,3
Low → High density,RAVEN-X,0.2,oracle,0.6916984964339324,0.09219636429057695,0.016587785009641136,0.6911614142306991,0.6957571775062087,45.0,291310.18333333335,3
Low → High density,RAVEN-X,0.2,source,0.5482494729853031,0.10868062933451862,0.01750846522830122,0.4052727946803671,0.8926263045535535,45.0,291310.18333333335,3
Low → High density,RAVEN-X,0.2,tuned,0.6757784683405904,0.11534705003483638,0.018430288377318443,0.7208459814218573,0.6471346696819346,45.0,291310.18333333335,3
Low → High density,RAVEN-X-GF,0.01,oracle,0.8034199764844171,0.04237183231131652,0.00820695320106399,0.8252995254344775,0.7828285925370504,15.0,98270.26666666666,3
Low → High density,RAVEN-X-GF,0.01,source,0.6066063097894335,0.09829150292799427,0.009502227220077687,0.4705465368333583,0.8771511714761009,15.0,98270.26666666666,3
Low → High density,RAVEN-X-GF,0.01,tuned,0.8005991876625386,0.04363430940066051,0.008503304096437785,0.822603784531753,0.7810051958767733,15.0,98270.26666666666,3
Low → High density,RAVEN-X-GF,0.05,oracle,0.8056796392735665,0.04529447058486238,0.006738552684645492,0.8267718411725191,0.7857913442965052,15.0,89349.59999999999,3
Low → High density,RAVEN-X-GF,0.05,source,0.609087733350242,0.09979826508403153,0.0077659103039908915,0.4727767849715568,0.8796697127779316,15.0,89349.59999999999,3
Low → High density,RAVEN-X-GF,0.05,tuned,0.8032438600549346,0.04758269429947745,0.006550191864352507,0.8230089276723809,0.7855687123550319,15.0,89349.59999999999,3
Low → High density,RAVEN-X-GF,0.1,oracle,0.8073753040668481,0.046054325547454304,0.011537938325492788,0.828305206301653,0.7876364895744956,30.0,181747.88333333333,3
Low → High density,RAVEN-X-GF,0.1,source,0.6118129376858744,0.10107694876639102,0.013197262360286122,0.4759036276935096,0.8808639699065628,30.0,181747.88333333333,3
Low → High density,RAVEN-X-GF,0.1,tuned,0.8064703500122444,0.04667536493065554,0.011781658654459593,0.827935914327521,0.7865857446807686,30.0,181747.88333333333,3
Low → High density,RAVEN-X-GF,0.2,oracle,0.8082650945383932,0.03831819371082993,0.01378566346489326,0.8292528026454082,0.7884888061463949,45.0,291310.18333333335,3
Low → High density,RAVEN-X-GF,0.2,source,0.6125199927649757,0.09130262457740652,0.016349356146593132,0.47590126979168046,0.8806230207372664,45.0,291310.18333333335,3
Low → High density,RAVEN-X-GF,0.2,tuned,0.8072506701419458,0.038815018434176805,0.013919179823270978,0.8257440774845347,0.7900158959637208,45.0,291310.18333333335,3
Low → High density,RandomForest,0.01,oracle,0.8285079864952317,0.0008488700030953847,0.007345929102296812,0.8269515694860144,0.8300896087520705,15.0,98270.26666666666,3
Low → High density,RandomForest,0.01,source,0.8242634010554926,0.0007740637025262582,0.007857816498901741,0.8447175112563211,0.8047989750295432,15.0,98270.26666666666,3
Low → High density,RandomForest,0.01,tuned,0.8247480187339091,0.002306644613037945,0.011232096912142357,0.8321141474864291,0.8184787533643055,15.0,98270.26666666666,3
Low → High density,RandomForest,0.05,oracle,0.8308014053604299,0.0031810116745135393,0.0057813411697315055,0.8287983141814191,0.8328436723879218,15.0,89349.59999999999,3
Low → High density,RandomForest,0.05,source,0.8267386088415489,0.0033404030336937453,0.006109188745653766,0.8462351822270945,0.8081518679689985,15.0,89349.59999999999,3
Low → High density,RandomForest,0.05,tuned,0.8291394944787357,0.0035224997484056397,0.005867092498807426,0.8287809997693865,0.8299313197109294,15.0,89349.59999999999,3
Low → High density,RandomForest,0.1,oracle,0.8320345507526467,0.003598848391276996,0.00943767598232129,0.8301694642379133,0.8339529556374945,30.0,181747.88333333333,3
Low → High density,RandomForest,0.1,source,0.8279880317869998,0.0038751778356449188,0.009925687730763504,0.847660589887453,0.809255498767087,30.0,181747.88333333333,3
Low → High density,RandomForest,0.1,tuned,0.8310668526745424,0.0036187010270120447,0.010150804966415225,0.8309341070799955,0.8314662820905246,30.0,181747.88333333333,3
Low → High density,RandomForest,0.2,oracle,0.831948436379771,0.0049554798903426005,0.013070908427688441,0.8299387497355583,0.8340306399976173,45.0,291310.18333333335,3
Low → High density,RandomForest,0.2,source,0.8279161055634102,0.004952946035724161,0.013965684504561518,0.8469026229041529,0.8098634726985532,45.0,291310.18333333335,3
Low → High density,RandomForest,0.2,tuned,0.8309023397080173,0.005169416518028978,0.013381660195538535,0.8300221571235312,0.8321152880566492,45.0,291310.18333333335,3
Low → High density,XGBoost,0.01,oracle,0.7807507602139997,0.00553051165382486,0.008750958757412447,0.7563298535494506,0.8068503396887765,15.0,98270.26666666666,3
Low → High density,XGBoost,0.01,source,0.7574717795581517,0.01716697817910358,0.008548551362446461,0.6879223505539919,0.8432252680645682,15.0,98270.26666666666,3
Low → High density,XGBoost,0.01,tuned,0.7706444460192019,0.00881285651689535,0.019793743195764917,0.7696352882984959,0.7763920218646474,15.0,98270.26666666666,3
Low → High density,XGBoost,0.05,oracle,0.7833012949215097,0.0022921858459489194,0.006437632315024654,0.7586656747843712,0.8096471023109636,15.0,89349.59999999999,3
Low → High density,XGBoost,0.05,source,0.759906871812181,0.013685310962775615,0.0063713123780709075,0.689975128180167,0.8461363113653358,15.0,89349.59999999999,3
Low → High density,XGBoost,0.05,tuned,0.7771020679781175,0.002135055555105772,0.014964984160158235,0.7653963174546338,0.7922550598220433,15.0,89349.59999999999,3
Low → High density,XGBoost,0.1,oracle,0.7850900617455961,0.0020732538060133153,0.011039551859365143,0.7610527856802917,0.8107855501521429,30.0,181747.88333333333,3
Low → High density,XGBoost,0.1,source,0.7618025882936136,0.012785795495761731,0.010944556136851621,0.6925650515787113,0.8469219867746327,30.0,181747.88333333333,3
Low → High density,XGBoost,0.1,tuned,0.7825489900300534,0.0030484938618132533,0.014255668893456355,0.7616689660097737,0.8056340544979178,30.0,181747.88333333333,3
Low → High density,XGBoost,0.2,oracle,0.784967357424589,0.009869884939338477,0.015498973637989315,0.7603302457712755,0.8113499138280585,45.0,291310.18333333335,3
Low → High density,XGBoost,0.2,source,0.7618197072826796,0.016460502134300385,0.015079250218936599,0.6923482456467434,0.8473000065434744,45.0,291310.18333333335,3
Low → High density,XGBoost,0.2,tuned,0.7829425815265436,0.010546279225381363,0.01689229860291767,0.7602207577554538,0.8078144774325314,45.0,291310.18333333335,3
Urban → Highway,GAT,0.01,oracle,0.7935587383823558,0.022448021393133528,0.004690420385629415,0.8834638269585812,0.7205256049753155,90.0,99037.09999999999,3
Urban → Highway,GAT,0.01,source,0.7573780017362712,0.044898733773764556,0.004546284874358844,0.7343563872810902,0.7880494937492841,90.0,99037.09999999999,3
Urban → Highway,GAT,0.01,tuned,0.789230462715472,0.026331624523309283,0.0071842969235074395,0.889929071345172,0.7115293014178352,90.0,99037.09999999999,3
Urban → Highway,GAT,0.05,oracle,0.7922429671185233,0.022503617941334465,0.006107680068043088,0.8819891062729542,0.7193616042889067,375.0,128408.53333333333,3
Urban → Highway,GAT,0.05,source,0.7552934168261317,0.04488649421834284,0.0059601518308604615,0.7308138315210435,0.787683511749114,375.0,128408.53333333333,3
Urban → Highway,GAT,0.05,tuned,0.7891874134741568,0.025245731806395454,0.0065189594136050725,0.8766648923668199,0.7198491363045728,375.0,128408.53333333333,3
Urban → Highway,GAT,0.1,oracle,0.7938134919532912,0.022505530640273635,0.00843847528806542,0.8829262581200265,0.7213275728761245,750.0,248648.75,3
Urban → Highway,GAT,0.1,source,0.7571285939824902,0.04525314978869289,0.008850241654441706,0.7328931074181394,0.7892521348725684,750.0,248648.75,3
Urban → Highway,GAT,0.1,tuned,0.7925410855309446,0.023249305655659164,0.008893684394694552,0.8813657237947062,0.7208849192563065,750.0,248648.75,3
Urban → Highway,GAT,0.2,oracle,0.7940036249602397,0.021611696608255234,0.008457314279885957,0.8838295889481648,0.7210954682232615,1485.0,418876.85000000003,3
Urban → Highway,GAT,0.2,source,0.7565898352326373,0.04677520916769794,0.008915990456545697,0.7319591506271773,0.7891904520107124,1485.0,418876.85000000003,3
Urban → Highway,GAT,0.2,tuned,0.7931744451611064,0.022323546711417015,0.008192318163856226,0.8783826572147605,0.7237884426602532,1485.0,418876.85000000003,3
Urban → Highway,GRU,0.01,oracle,0.8157208636576665,0.02209027592974802,0.003586644605902507,0.8506559829230524,0.7837587389570291,90.0,99037.09999999999,3
Urban → Highway,GRU,0.01,source,0.7609413165404635,0.0501821763744471,0.004170839488534512,0.6915800568663569,0.8500308351239013,90.0,99037.09999999999,3
Urban → Highway,GRU,0.01,tuned,0.8087760008370414,0.024474764096274363,0.009252096674289287,0.8750623651785806,0.7534867686032585,90.0,99037.09999999999,3
Urban → Highway,GRU,0.05,oracle,0.8144699888237953,0.02253500857584854,0.0048310121070178295,0.8489642206195342,0.7828663891866704,375.0,128408.53333333333,3
Urban → Highway,GRU,0.05,source,0.7585515869756226,0.05141793857150411,0.005175543127618402,0.687834630390869,0.8500194317072606,375.0,128408.53333333333,3
Urban → Highway,GRU,0.05,tuned,0.8131878181645394,0.022380020109241578,0.004812846275960992,0.8507083678398848,0.7794920412201852,375.0,128408.53333333333,3
Urban → Highway,GRU,0.1,oracle,0.8154843695093277,0.022655129480369768,0.006414965140310013,0.8498207507460468,0.7840276031348452,750.0,248648.75,3
Urban → Highway,GRU,0.1,source,0.7600519284146947,0.051048654946935945,0.007108980650927212,0.6898017075894756,0.8505996871538987,750.0,248648.75,3
Urban → Highway,GRU,0.1,tuned,0.814674552380979,0.022668076073463495,0.0064962151614087514,0.8529538947264199,0.7802562148312343,750.0,248648.75,3
Urban → Highway,GRU,0.2,oracle,0.8154974040799933,0.020866689609151095,0.006081245748476273,0.8502272265225592,0.7837140724860591,1485.0,418876.85000000003,3
Urban → Highway,GRU,0.2,source,0.7593480359222228,0.05102870115041244,0.0068555761555201275,0.6887656518431129,0.8505302030848196,1485.0,418876.85000000003,3
Urban → Highway,GRU,0.2,tuned,0.8149027059193301,0.021278636914652448,0.006147228428141561,0.8479842338259272,0.7846803314522209,1485.0,418876.85000000003,3
Urban → Highway,RAVEN-X,0.01,oracle,0.7715906252502854,0.05475901824758801,0.004048307185340033,0.8002352122649979,0.7451052025530549,90.0,99037.09999999999,3
Urban → Highway,RAVEN-X,0.01,source,0.7449749140720957,0.07178057230907489,0.0041012325786094,0.6791364293816574,0.8394762529584319,90.0,99037.09999999999,3
Urban → Highway,RAVEN-X,0.01,tuned,0.7601353127247398,0.05582802863561254,0.01134427910719632,0.8499725541794171,0.6927820839965223,90.0,99037.09999999999,3
Urban → Highway,RAVEN-X,0.05,oracle,0.7703726541172745,0.05436481534994281,0.005146299090939159,0.798430504240344,0.74440451506177,375.0,128408.53333333333,3
Urban → Highway,RAVEN-X,0.05,source,0.7427170805591937,0.0719137181176009,0.005510063472066617,0.6752870386006737,0.8396275878894199,375.0,128408.53333333333,3
Urban → Highway,RAVEN-X,0.05,tuned,0.7660449225322387,0.05533375880979006,0.006684843455885474,0.8011500375208181,0.7393872300125527,375.0,128408.53333333333,3
Urban → Highway,RAVEN-X,0.1,oracle,0.7714662594225259,0.05431489060685693,0.007417405345115288,0.7992712001212113,0.7457219064199238,750.0,248648.75,3
Urban → Highway,RAVEN-X,0.1,source,0.7442244930299194,0.07168143991641275,0.008457379969997837,0.6774262997542629,0.8401447335813157,750.0,248648.75,3
Urban → Highway,RAVEN-X,0.1,tuned,0.7684807460590569,0.05462935106358636,0.007602765077233009,0.8111015100422874,0.7329756410670892,750.0,248648.75,3
Urban → Highway,RAVEN-X,0.2,oracle,0.770806986161476,0.05856799148213499,0.00747313028690911,0.7995500399148131,0.7443279780689047,1485.0,418876.85000000003,3
Urban → Highway,RAVEN-X,0.2,source,0.7436247761468747,0.07614781422334084,0.007995342628215314,0.6766827135474417,0.8403100595281913,1485.0,418876.85000000003,3
Urban → Highway,RAVEN-X,0.2,tuned,0.7692921990810339,0.059036238700566374,0.007582006047640015,0.801076993216293,0.7417399259348213,1485.0,418876.85000000003,3
Urban → Highway,RAVEN-X-GF,0.01,oracle,0.7876124833995725,0.04823383435910077,0.004450716281491313,0.8479004735019561,0.7360635612012537,90.0,99037.09999999999,3
Urban → Highway,RAVEN-X-GF,0.01,source,0.7008887209485363,0.11844558054083226,0.004850969472798529,0.6023812041718548,0.8688823737651757,90.0,99037.09999999999,3
Urban → Highway,RAVEN-X-GF,0.01,tuned,0.7792836186783078,0.04963587380854985,0.008858668319497,0.889771754620072,0.6958927802276244,90.0,99037.09999999999,3
Urban → Highway,RAVEN-X-GF,0.05,oracle,0.7862864767814605,0.049214314196475234,0.0060444631805544255,0.8465215594812157,0.7347154664021772,375.0,128408.53333333333,3
Urban → Highway,RAVEN-X-GF,0.05,source,0.6972450799551179,0.1214038127084711,0.0055365247201688535,0.5976743961796449,0.8689990945852144,375.0,128408.53333333333,3
Urban → Highway,RAVEN-X-GF,0.05,tuned,0.7824600036553644,0.04997087209626067,0.006168041566725337,0.8376936678194212,0.7372402297733486,375.0,128408.53333333333,3
Urban → Highway,RAVEN-X-GF,0.1,oracle,0.7874518783811174,0.04916828035827046,0.00785309571127219,0.8476322670270532,0.7359741075020239,750.0,248648.75,3
Urban → Highway,RAVEN-X-GF,0.1,source,0.6991961010121983,0.12042538715015644,0.007466554847246999,0.5999057517284759,0.8697280652127496,750.0,248648.75,3
Urban → Highway,RAVEN-X-GF,0.1,tuned,0.7861305501270442,0.04961694857331656,0.008009216314589328,0.8474592859412106,0.7344764855924318,750.0,248648.75,3
Urban → Highway,RAVEN-X-GF,0.2,oracle,0.787951192931855,0.04710166964263421,0.007277603655955224,0.8492466766493955,0.7355494844656878,1485.0,418876.85000000003,3
Urban → Highway,RAVEN-X-GF,0.2,source,0.6981319735150207,0.12034860395955291,0.0084408090302325,0.5987379399634304,0.8694414038726465,1485.0,418876.85000000003,3
Urban → Highway,RAVEN-X-GF,0.2,tuned,0.7863149075466179,0.04801943894169585,0.007212137134927562,0.8399510660251442,0.7405581888789993,1485.0,418876.85000000003,3
Urban → Highway,RandomForest,0.01,oracle,0.8563319911442676,0.0005849054949144078,0.003454564855265525,0.9121534022033096,0.8069591824303548,90.0,99037.09999999999,3
Urban → Highway,RandomForest,0.01,source,0.8439498921421743,0.004267333508751638,0.003489699554124936,0.863021405700973,0.8257728039372877,90.0,99037.09999999999,3
Urban → Highway,RandomForest,0.01,tuned,0.8550242665897545,0.000844893568591013,0.004166660236114821,0.912277616527393,0.8047081901455498,90.0,99037.09999999999,3
Urban → Highway,RandomForest,0.05,oracle,0.8556158199897288,0.0010874397163863833,0.004425423847839388,0.9108882346920448,0.8066791982281014,375.0,128408.53333333333,3
Urban → Highway,RandomForest,0.05,source,0.8430776608320788,0.004807769440792464,0.004442041537999426,0.8613038728301984,0.8256794004514907,375.0,128408.53333333333,3
Urban → Highway,RandomForest,0.05,tuned,0.8550703684068005,0.001222256714414328,0.004502744504811752,0.9101470128895457,0.8063538259055795,375.0,128408.53333333333,3
Urban → Highway,RandomForest,0.1,oracle,0.857117340302953,0.0008227393387387921,0.005703338876361097,0.9117331301437684,0.8087015921474955,750.0,248648.75,3
Urban → Highway,RandomForest,0.1,source,0.8446279182067588,0.003870753649014489,0.005763222101057169,0.8626048462154209,0.8274806263260409,750.0,248648.75,3
Urban → Highway,RandomForest,0.1,tuned,0.8567997750733802,0.0007394904987431926,0.005694397012417037,0.9111836311897447,0.808618895684241,750.0,248648.75,3
Urban → Highway,RandomForest,0.2,oracle,0.856676528092443,0.0030526934772556833,0.006677886648548692,0.9114201634166271,0.8081824995511676,1485.0,418876.85000000003,3
Urban → Highway,RandomForest,0.2,source,0.8441568109209682,0.004479725043088685,0.006635128180486217,0.8623937502521336,0.8267854754541188,1485.0,418876.85000000003,3
Urban → Highway,RandomForest,0.2,tuned,0.8564570562011364,0.0030394310500686337,0.0066883659731822006,0.9105360389570049,0.8085125488944765,1485.0,418876.85000000003,3
Urban → Highway,XGBoost,0.01,oracle,0.8458023255210693,0.001310082421657927,0.0035900159110996577,0.8955791715254161,0.8013092278607021,90.0,99037.09999999999,3
Urban → Highway,XGBoost,0.01,source,0.8376654265347797,0.004214859357610994,0.003585308942195191,0.8565608182089294,0.8196333721416789,90.0,99037.09999999999,3
Urban → Highway,XGBoost,0.01,tuned,0.8442686175248184,0.001072595110877953,0.004679594392171305,0.8970599512167299,0.797652703914746,90.0,99037.09999999999,3
Urban → Highway,XGBoost,0.05,oracle,0.8448350873990794,0.0020106928742951347,0.004649418488800246,0.8941208013598989,0.8007362300892966,375.0,128408.53333333333,3
Urban → Highway,XGBoost,0.05,source,0.836582805597817,0.004716903129702647,0.004558090332250729,0.8545907870874299,0.8193693088692336,375.0,128408.53333333333,3
Urban → Highway,XGBoost,0.05,tuned,0.843780976524877,0.0014019196593951838,0.0054503876257441354,0.8925167866681104,0.8003263718705357,375.0,128408.53333333333,3
Urban → Highway,XGBoost,0.1,oracle,0.8465029825762698,0.0006901929939692336,0.00605051217443488,0.8951950081238697,0.8028588841967038,750.0,248648.75,3
Urban → Highway,XGBoost,0.1,source,0.8382077106075433,0.003885984800644562,0.005997872719995038,0.855906731967333,0.8212939331652556,750.0,248648.75,3
Urban → Highway,XGBoost,0.1,tuned,0.8458790352379153,0.0008944622384042438,0.006225834457063035,0.8927627155395613,0.8038716441248415,750.0,248648.75,3
Urban → Highway,XGBoost,0.2,oracle,0.8460220072612988,0.0022461632043656913,0.006875969771779135,0.8947271773673501,0.8023931101548261,1485.0,418876.85000000003,3
Urban → Highway,XGBoost,0.2,source,0.8377289536851288,0.002341019602012127,0.006772717809710785,0.8556632093745534,0.820607773935719,1485.0,418876.85000000003,3
Urban → Highway,XGBoost,0.2,tuned,0.8456332860062824,0.0022001609891044677,0.00689515437002428,0.8928179994338442,0.8033296196484238,1485.0,418876.85000000003,3
highway_2 → urban_2,RAVEN-X,0.01,oracle,0.8786105716411146,0.0027339267548014395,0.0006009839683154428,0.922348069858799,0.8390655768441961,30.0,13007.949999999999,3
highway_2 → urban_2,RAVEN-X,0.01,source,0.8732965367806221,0.0030256579650954772,0.0005895532826400303,0.8887824525087901,0.8584530310978676,30.0,13007.949999999999,3
highway_2 → urban_2,RAVEN-X,0.01,tuned,0.875762830386131,0.0037898326774253163,0.0030116941711052247,0.9248582287144806,0.8326564535348053,30.0,13007.949999999999,3
highway_2 → urban_2,RAVEN-X,0.05,oracle,0.8785478475872955,0.002749330454064667,0.0012722452063148588,0.9221906880289182,0.839094243660436,120.0,50954.71666666667,3
highway_2 → urban_2,RAVEN-X,0.05,source,0.8732099634288922,0.0030857469462251693,0.001271659967308814,0.8885786338189767,0.8584757683770117,120.0,50954.71666666667,3
highway_2 → urban_2,RAVEN-X,0.05,tuned,0.8776092721278993,0.003026712325330882,0.0017666733448017098,0.9225193374932582,0.8373049810047303,120.0,50954.71666666667,3
highway_2 → urban_2,RAVEN-X,0.1,oracle,0.8787198203459466,0.0026887402173030725,0.001973838324549646,0.9223098580805983,0.8393072590426488,240.0,103173.15000000001,3
highway_2 → urban_2,RAVEN-X,0.1,source,0.8733347403044581,0.002608296861545579,0.0019305710215494502,0.8886810321391119,0.8586217273300795,240.0,103173.15000000001,3
highway_2 → urban_2,RAVEN-X,0.1,tuned,0.8778842573456377,0.0027663326629025656,0.0022099677619607655,0.9227431431963741,0.8375486175379095,240.0,103173.15000000001,3
highway_2 → urban_2,RAVEN-X,0.2,oracle,0.8786495688308779,0.0029563811589657066,0.002539917641077718,0.9227525567433573,0.8387887465753479,465.0,198046.5166666667,3
highway_2 → urban_2,RAVEN-X,0.2,source,0.8733334480268561,0.0034270261911961216,0.0025250362097889918,0.8887662388071692,0.8585448844340782,465.0,198046.5166666667,3
highway_2 → urban_2,RAVEN-X,0.2,tuned,0.8782185805212771,0.0031181148741096856,0.0026975895370343595,0.9234331609749623,0.8375439403251316,465.0,198046.5166666667,3
highway_2 → urban_2,RAVEN-X-GF,0.01,oracle,0.899807512162778,0.008742322950376363,0.0005084233473015285,0.9550524334836977,0.8506358692060166,30.0,13007.949999999999,3
highway_2 → urban_2,RAVEN-X-GF,0.01,source,0.8934251083937466,0.011077108691525431,0.0005024663955662803,0.9213568466458901,0.867275433711565,30.0,13007.949999999999,3
highway_2 → urban_2,RAVEN-X-GF,0.01,tuned,0.8977136999547004,0.008710608057142685,0.002282732136356125,0.9553644984931428,0.8470583675267723,30.0,13007.949999999999,3
highway_2 → urban_2,RAVEN-X-GF,0.05,oracle,0.899773532739944,0.008720984528177723,0.0011000406369700538,0.9551857267803756,0.8504719915291115,120.0,50954.71666666667,3
highway_2 → urban_2,RAVEN-X-GF,0.05,source,0.8933819018445641,0.01113086551191042,0.001074518798915411,0.9212321473063154,0.8673051563998535,120.0,50954.71666666667,3
highway_2 → urban_2,RAVEN-X-GF,0.05,tuned,0.8991404972416396,0.008888417350434516,0.001377746925714344,0.9558532939954923,0.8489165252012453,120.0,50954.71666666667,3
highway_2 → urban_2,RAVEN-X-GF,0.1,oracle,0.8998533473437292,0.008342037403005704,0.0018219454421374102,0.9551860090706518,0.8506188381573804,240.0,103173.15000000001,3
highway_2 → urban_2,RAVEN-X-GF,0.1,source,0.8934667983734438,0.010693431511316789,0.0017672925438018475,0.9213047290868469,0.8674041129984764,240.0,103173.15000000001,3
highway_2 → urban_2,RAVEN-X-GF,0.1,tuned,0.8993386329446719,0.008544995378243067,0.0018560709732352084,0.95523494257883,0.8497550565174435,240.0,103173.15000000001,3
highway_2 → urban_2,RAVEN-X-GF,0.2,oracle,0.8997123505528951,0.009332351237315758,0.002180742774680801,0.9549363517006277,0.8505678939987126,465.0,198046.5166666667,3
highway_2 → urban_2,RAVEN-X-GF,0.2,source,0.89341958678573,0.011632634225469413,0.0021469724635634533,0.9214246156572413,0.8672064852654321,465.0,198046.5166666667,3
highway_2 → urban_2,RAVEN-X-GF,0.2,tuned,0.8994449518081131,0.009335681100438814,0.0022224886566257454,0.9548751706641196,0.8501667047577518,465.0,198046.5166666667,3
highway_2 → urban_2,XGBoost,0.01,oracle,0.8770568983784107,0.0009294088312498412,0.000707981692573461,0.9606343881421232,0.8068605716358631,30.0,13007.949999999999,3
highway_2 → urban_2,XGBoost,0.01,source,0.8735894873524789,0.0011232281352846196,0.0007023224028849159,0.937238924392808,0.8180748616127062,30.0,13007.949999999999,3
highway_2 → urban_2,XGBoost,0.01,tuned,0.8758401514465445,0.0009888338388363226,0.0020054480333534896,0.9617284345556051,0.8041890084327132,30.0,13007.949999999999,3
highway_2 → urban_2,XGBoost,0.05,oracle,0.8772476889240807,0.0011369389347009769,0.001511115722778513,0.9608124372086388,0.807058644813185,120.0,50954.71666666667,3
highway_2 → urban_2,XGBoost,0.05,source,0.873745210352196,0.0009730193142734189,0.001480813034673706,0.937187996719478,0.8183904451095497,120.0,50954.71666666667,3
highway_2 → urban_2,XGBoost,0.05,tuned,0.876675987623115,0.001088161682483798,0.0015143042803167275,0.9593896904714643,0.8071804944363151,120.0,50954.71666666667,3
highway_2 → urban_2,XGBoost,0.1,oracle,0.877060630820139,0.0012993725030530988,0.002217461784446859,0.9608332612846796,0.8067317525070786,240.0,103173.15000000001,3
highway_2 → urban_2,XGBoost,0.1,source,0.8735761326964872,0.0008520651357064175,0.0022028445097573854,0.9372400571404679,0.818058718974379,240.0,103173.15000000001,3
highway_2 → urban_2,XGBoost,0.1,tuned,0.8767648124292603,0.0013314694813614416,0.002240467308926907,0.9601004895860892,0.8067872322578463,240.0,103173.15000000001,3
highway_2 → urban_2,XGBoost,0.2,oracle,0.8771393705197202,0.0004723154461778563,0.002857391260504176,0.9609209730202485,0.8068106205693493,465.0,198046.5166666667,3
highway_2 → urban_2,XGBoost,0.2,source,0.8736822314156152,0.001513063113694236,0.0028398527363737353,0.9373485903228493,0.8181561678846103,465.0,198046.5166666667,3
highway_2 → urban_2,XGBoost,0.2,tuned,0.8769050420004104,0.00045098255608216713,0.002878151839615336,0.9611882118539631,0.8062537267241318,465.0,198046.5166666667,3
urban_2 → highway_2,RAVEN-X,0.01,oracle,0.8697461688825867,0.008278385042411383,0.00043306651129228164,0.9312656321257918,0.8158579424604557,75.0,7409.900000000001,3
urban_2 → highway_2,RAVEN-X,0.01,source,0.867712675576224,0.008399748404893409,0.0004273395325616433,0.9126563377371081,0.8270633078386623,75.0,7409.900000000001,3
urban_2 → highway_2,RAVEN-X,0.01,tuned,0.8670977991367806,0.008065986195417697,0.004237932869662058,0.9338589671775734,0.8097749748731248,75.0,7409.900000000001,3
urban_2 → highway_2,RAVEN-X,0.05,oracle,0.8698807232448874,0.008471188667674035,0.0010846717423401491,0.931364369473579,0.8160187943419192,360.0,35582.416666666664,3
urban_2 → highway_2,RAVEN-X,0.05,source,0.8678191158295293,0.008654352929671044,0.00107195954245598,0.9126520443854028,0.8272583318839563,360.0,35582.416666666664,3
urban_2 → highway_2,RAVEN-X,0.05,tuned,0.8691985582638407,0.008667465621710823,0.0012973284683213892,0.9286786715186248,0.8170190672134812,360.0,35582.416666666664,3
urban_2 → highway_2,RAVEN-X,0.1,oracle,0.8696248891015216,0.00847439382868843,0.001238928614123075,0.931318366192046,0.8156043293968734,720.0,71055.18333333333,3
urban_2 → highway_2,RAVEN-X,0.1,source,0.8676027015345172,0.008636200590849005,0.0012337509304526143,0.912622481968905,0.8268912280920574,720.0,71055.18333333333,3
urban_2 → highway_2,RAVEN-X,0.1,tuned,0.8691062166280595,0.00865685226138913,0.0013201894603192238,0.9301589726899161,0.8156784831073046,720.0,71055.18333333333,3
urban_2 → highway_2,RAVEN-X,0.2,oracle,0.8696732164405337,0.008232052250071356,0.0017208111630637648,0.931281324039007,0.8157189570701963,1440.0,141281.5,3
urban_2 → highway_2,RAVEN-X,0.2,source,0.867585763567543,0.00839919375911037,0.0017114006629203539,0.9125002563397939,0.8269593375166323,1440.0,141281.5,3
urban_2 → highway_2,RAVEN-X,0.2,tuned,0.8694221854305346,0.008301951659811128,0.001796327753598028,0.9302303459349731,0.816111497721628,1440.0,141281.5,3
urban_2 → highway_2,RAVEN-X-GF,0.01,oracle,0.8755536226461914,0.009656069963852959,0.00043096347591685055,0.9361285028668177,0.822568454130745,75.0,7409.900000000001,3
urban_2 → highway_2,RAVEN-X-GF,0.01,source,0.8746384484930624,0.008965163588464425,0.0004329022936922189,0.9278258080674441,0.8273206865808153,75.0,7409.900000000001,3
urban_2 → highway_2,RAVEN-X-GF,0.01,tuned,0.8736705479569992,0.009234447008494228,0.0022796409306731916,0.9399386928125582,0.8166163495016697,75.0,7409.900000000001,3
urban_2 → highway_2,RAVEN-X-GF,0.05,oracle,0.875677216990823,0.009787022236933215,0.0010340265331026356,0.9365181420604533,0.8224714784092946,360.0,35582.416666666664,3
urban_2 → highway_2,RAVEN-X-GF,0.05,source,0.8747648354076363,0.009086943495923011,0.0010283158243364178,0.9279035797088313,0.8274858610255288,360.0,35582.416666666664,3
urban_2 → highway_2,RAVEN-X-GF,0.05,tuned,0.8750268323154171,0.009723195737279228,0.0013933377703736983,0.9367580093149014,0.8211898146255138,360.0,35582.416666666664,3
urban_2 → highway_2,RAVEN-X-GF,0.1,oracle,0.875453462394523,0.009454091644210376,0.0012982629515368301,0.9364599985174741,0.8221294903992463,720.0,71055.18333333333,3
urban_2 → highway_2,RAVEN-X-GF,0.1,source,0.8745420578809348,0.008748238424230878,0.0012988136140129683,0.9278853920745919,0.8271065686690185,720.0,71055.18333333333,3
urban_2 → highway_2,RAVEN-X-GF,0.1,tuned,0.8750168574456687,0.009522432768324457,0.0013126698871710784,0.9374553397547204,0.8205816435452348,720.0,71055.18333333333,3
urban_2 → highway_2,RAVEN-X-GF,0.2,oracle,0.8753977495239585,0.00947643758215982,0.0017773668793283676,0.9367796486529166,0.8217622102485477,1440.0,141281.5,3
urban_2 → highway_2,RAVEN-X-GF,0.2,source,0.8744745757094,0.00878195137153753,0.0017873237059906762,0.9277487060383596,0.8270906189937511,1440.0,141281.5,3
urban_2 → highway_2,RAVEN-X-GF,0.2,tuned,0.8752528836041472,0.00949717034855569,0.0017835882611673681,0.9369449284080679,0.821385891899847,1440.0,141281.5,3
urban_2 → highway_2,XGBoost,0.01,oracle,0.860278431871945,0.0005879824155773146,0.0005539262823002011,0.9691948991544947,0.7733764229199197,75.0,7409.900000000001,3
urban_2 → highway_2,XGBoost,0.01,source,0.8559297664631499,0.0009595843100818645,0.0005518127668863496,0.9459284325791327,0.7815712951270398,75.0,7409.900000000001,3
urban_2 → highway_2,XGBoost,0.01,tuned,0.8588056708704087,0.0007464054081191545,0.0018616040438772373,0.9706365377737455,0.7702108288707371,75.0,7409.900000000001,3
urban_2 → highway_2,XGBoost,0.05,oracle,0.8604169818457995,0.0006078257157765578,0.0012269657111430162,0.9691388281939162,0.7736385810885552,360.0,35582.416666666664,3
urban_2 → highway_2,XGBoost,0.05,source,0.8560726523435506,0.00086561987415576,0.0012203675904796103,0.9459337019111178,0.7818078635207663,360.0,35582.416666666664,3
urban_2 → highway_2,XGBoost,0.05,tuned,0.860059163349411,0.0005896690243582933,0.001303752428391046,0.96945521955403,0.772878540147257,360.0,35582.416666666664,3
urban_2 → highway_2,XGBoost,0.1,oracle,0.8601164343310664,0.0008173543424528262,0.0017070318108777932,0.9690463657620575,0.773211439902108,720.0,71055.18333333333,3
urban_2 → highway_2,XGBoost,0.1,source,0.8557720833628978,0.0011678532271623568,0.0016708984203814981,0.9458342707340521,0.7813750379305408,720.0,71055.18333333333,3
urban_2 → highway_2,XGBoost,0.1,tuned,0.8598836266319689,0.0008618219179127993,0.00170896277521215,0.9695452614839045,0.7725351563397039,720.0,71055.18333333333,3
urban_2 → highway_2,XGBoost,0.2,oracle,0.8601610569043808,0.0008561450660359821,0.0018974112153529444,0.9694179981361354,0.7730507427546573,1440.0,141281.5,3
urban_2 → highway_2,XGBoost,0.2,source,0.8557788103619224,0.0012806412129172874,0.001880590281315222,0.9458458499593273,0.7813803975521779,1440.0,141281.5,3
urban_2 → highway_2,XGBoost,0.2,tuned,0.8599724959112018,0.0009295456287015719,0.0018604825459168058,0.9692354800010975,0.7728676789451927,1440.0,141281.5,3
urban_2 → highway_7,RAVEN-X,0.01,oracle,0.7489410694124757,0.04347681371027321,0.008136921866983065,0.799419774773399,0.7052665688028137,15.0,98270.26666666666,3
urban_2 → highway_7,RAVEN-X,0.01,source,0.6885843658589677,0.09461275240250738,0.009192232320875108,0.5957479240142577,0.8441528047567931,15.0,98270.26666666666,3
urban_2 → highway_7,RAVEN-X,0.01,tuned,0.7398783016095454,0.04508837057497581,0.01299730326632729,0.7940128584132898,0.7011539773341792,15.0,98270.26666666666,3
urban_2 → highway_7,RAVEN-X,0.05,oracle,0.7508981200049748,0.04682512463416996,0.00698461568390361,0.7998088428776375,0.7084650882792749,15.0,89349.59999999999,3
urban_2 → highway_7,RAVEN-X,0.05,source,0.6907590939167552,0.09809016483709358,0.0073745225340980805,0.5977219506890507,0.8468895443461566,15.0,89349.59999999999,3
urban_2 → highway_7,RAVEN-X,0.05,tuned,0.7432755696230485,0.04869500731158772,0.011744946183410689,0.7998477728181895,0.702714846424534,15.0,89349.59999999999,3
urban_2 → highway_7,RAVEN-X,0.1,oracle,0.7526888624934923,0.04724591018361955,0.011203704449312976,0.8008765584039361,0.7109908682784373,30.0,181747.88333333333,3
urban_2 → highway_7,RAVEN-X,0.1,source,0.6931451278747635,0.0985044109803064,0.012875056592229317,0.6007310708499777,0.8482688858477409,30.0,181747.88333333333,3
urban_2 → highway_7,RAVEN-X,0.1,tuned,0.7478753563684797,0.045704164313845864,0.01231083379466751,0.8120663681004965,0.6964094065700864,30.0,181747.88333333333,3
urban_2 → highway_7,RAVEN-X,0.2,oracle,0.7538694750200478,0.04028945008255056,0.013224865887748688,0.8046799363934843,0.7102749849579508,45.0,291310.18333333335,3
urban_2 → highway_7,RAVEN-X,0.2,source,0.6940009945552092,0.0911787699180357,0.015733336381631158,0.600961470303936,0.8480342981928235,45.0,291310.18333333335,3
urban_2 → highway_7,RAVEN-X,0.2,tuned,0.7502727050423483,0.03937153281246912,0.013534375390385272,0.8051711290893491,0.7049409223909847,45.0,291310.18333333335,3
urban_2 → highway_7,RAVEN-X-GF,0.01,oracle,0.786743516509787,0.04242029686826659,0.0091383956976156,0.863443045262649,0.7233432757809082,15.0,98270.26666666666,3
urban_2 → highway_7,RAVEN-X-GF,0.01,source,0.6348196495810673,0.14933016052711282,0.008828985090823829,0.512054963841489,0.8914201480324389,15.0,98270.26666666666,3
urban_2 → highway_7,RAVEN-X-GF,0.01,tuned,0.7829694748536923,0.04099764158796879,0.009983109719207859,0.8498304937359111,0.7285824563656268,15.0,98270.26666666666,3
urban_2 → highway_7,RAVEN-X-GF,0.05,oracle,0.7895478011265288,0.0389294123939986,0.007260394201339802,0.8651912312930218,0.7268529668398552,15.0,89349.59999999999,3
urban_2 → highway_7,RAVEN-X-GF,0.05,source,0.6368111524113598,0.14645427240110112,0.007244514745046009,0.5133232447817746,0.8933096642950952,15.0,89349.59999999999,3
urban_2 → highway_7,RAVEN-X-GF,0.05,tuned,0.7862575147543561,0.039553268297614214,0.00667109572027251,0.8491164769289372,0.7342792521237075,15.0,89349.59999999999,3
urban_2 → highway_7,RAVEN-X-GF,0.1,oracle,0.791844109356728,0.038122626938274236,0.011685640859421772,0.8661021673299985,0.7301140122495567,30.0,181747.88333333333,3
urban_2 → highway_7,RAVEN-X-GF,0.1,source,0.6399912897701767,0.1450619682813856,0.012498587034599731,0.5166978599019117,0.8944175291644934,30.0,181747.88333333333,3
urban_2 → highway_7,RAVEN-X-GF,0.1,tuned,0.7899794138203967,0.03860882856751518,0.01163489859216636,0.8612865330157075,0.7313631551147172,30.0,181747.88333333333,3
urban_2 → highway_7,RAVEN-X-GF,0.2,oracle,0.791941700158833,0.03740915401112986,0.014963339375198023,0.8652020807066738,0.7309350026557628,45.0,291310.18333333335,3
urban_2 → highway_7,RAVEN-X-GF,0.2,source,0.6405356977500359,0.14531666067257984,0.015172755567813398,0.5176390475099383,0.8940735708679078,45.0,291310.18333333335,3
urban_2 → highway_7,RAVEN-X-GF,0.2,tuned,0.7903116999945636,0.03730641402665485,0.01493035579115725,0.8613219220035867,0.7314469318248801,45.0,291310.18333333335,3
urban_2 → highway_7,XGBoost,0.01,oracle,0.8361669584405514,0.003494710768747981,0.007389794953880548,0.8553506930590781,0.8178769179628972,15.0,98270.26666666666,3
urban_2 → highway_7,XGBoost,0.01,source,0.8255978293574334,0.007270711944415841,0.007274787383361881,0.8116090539880801,0.8401736343832837,15.0,98270.26666666666,3
urban_2 → highway_7,XGBoost,0.01,tuned,0.8325433405714097,0.003965524897725241,0.010996117357247072,0.8592625418088012,0.8084442959001633,15.0,98270.26666666666,3
urban_2 → highway_7,XGBoost,0.05,oracle,0.8385383723859241,0.001547451546564395,0.005745965956167927,0.8567585360366312,0.8211145330046549,15.0,89349.59999999999,3
urban_2 → highway_7,XGBoost,0.05,source,0.8278524669118313,0.005322708227868873,0.005686014143780538,0.8130459050986572,0.8433381678031817,15.0,89349.59999999999,3
urban_2 → highway_7,XGBoost,0.05,tuned,0.8363371157105126,0.00151017305194212,0.006460634477654621,0.8561630896447033,0.8179467984380455,15.0,89349.59999999999,3
urban_2 → highway_7,XGBoost,0.1,oracle,0.8397324823183219,0.0015866483636272533,0.009328558574891095,0.8582587085442509,0.8220545652689962,30.0,181747.88333333333,3
urban_2 → highway_7,XGBoost,0.1,source,0.8291074281710261,0.005288888808271123,0.009449807336545863,0.814768282764292,0.8440965084579387,30.0,181747.88333333333,3
urban_2 → highway_7,XGBoost,0.1,tuned,0.8378038741933116,0.000857955968862299,0.01079014357453717,0.8587717417414513,0.818314210720423,30.0,181747.88333333333,3
urban_2 → highway_7,XGBoost,0.2,oracle,0.8397196789429296,0.004871800130803672,0.01316333890716428,0.8582992833317805,0.8220355035240292,45.0,291310.18333333335,3
urban_2 → highway_7,XGBoost,0.2,source,0.829078447532018,0.010903373276545102,0.013048965098923337,0.8143054806827795,0.844578592483176,45.0,291310.18333333335,3
urban_2 → highway_7,XGBoost,0.2,tuned,0.8388935975222033,0.004980013435438611,0.013295181627549349,0.8575056713409026,0.8214725821669266,45.0,291310.18333333335,3
