Feature,Group,|AUC - 0.5| (train),KS train vs val,KS train vs test
MessageGap,G1-G4,0.1665210682393845,0.013305764071025405,0.0058125507861434
NbrNearestDist,neighbour,0.1536367835854251,0.13361537996234368,0.19668695038608208
NbrCount,neighbour,0.15251821106544217,0.13341576761203355,0.18838160107796637
PositionChange,G1-G4,0.14313438464230033,0.06031872518928977,0.08009934407990049
HeadingInconsistency,G1-G4,0.11185678351181488,0.012725255444848982,0.0564241840901879
AccelerationInconsistency,G1-G4,0.07405446451706299,0.01401448287564308,0.03948258054762521
RoadEdgeDist,G1-G4,0.07154283605773898,0.06344851520752204,0.046521290357644074
NbrSpeedDev,neighbour,0.053589619536557165,0.1343348506979064,0.18597624832411014
NbrHeadingMisalign,neighbour,0.046292901987228685,0.13839730307296721,0.19093430429494906
MsgCount,G1-G4,0.03294334975369462,0.0015092613398111077,0.002013817207026314
HeadingChange,G1-G4,0.031145901352788108,0.012382410125303056,0.12119296759094311
Speed,G1-G4,0.027975293460619444,0.07254001334359028,0.09987233467228585
RelativeSpeed,G5,0.027596546464575655,0.031364662940037494,0.061839788264766826
SpeedChange,G1-G4,0.017405486907726753,0.012331613371325933,0.08035725014594464
rx_spd,receiver,0.010547184430029333,0.07501210148708382,0.10159998528011627
rx_hed,receiver,0.007325981074684962,0.09188403121029604,0.27509135097085513
Acceleration,G1-G4,0.0070369301307467436,0.019970402842557133,0.09228936096550322
Heading,G1-G4,0.005621016520375721,0.094332461892006,0.268675660931044
Jerk,G1-G4,0.005591176699373701,0.009660965249600584,0.017470046606114065
SpeedInconsistency,G1-G4,0.0046834803829926,0.015381076430931728,0.12331921337523088
DistanceToReceiver,G1-G4,0.004649505360469042,0.042285143112365225,0.15437930990444998
RelativeHeading,G5,0.004424383992129799,0.03195939631805106,0.12408586156499948
TimeLag,G1-G4,0.003055157879012116,0.014166548516280741,0.011688141893360315
