Evidence,Horizon,Episodes,n,F1,Evidence cost,Total cost,Queries,Observations
a1-a4,fixed H,first step of stream,80105,0.9561990548384027,1.7139878908932027,3.0949254103988517,0.8709319018787841,1.4671618500717807
a1-a4,fixed H,later step,43515,0.8626146110618161,0.7607951281167413,2.9182121107664023,0.316741353556245,1.0753763070205675
a1-a4,fixed H,Sybil runs,45234,0.9952666139339837,0.2718751381704028,0.4385639121015166,0.13184772516248838,1.0615024096918246
a1-a4,fixed H,other runs,78386,0.8024170882518269,2.0170311024927923,4.529724695736483,0.9897813385043247,1.4837598550761615
a1-a4,geometric cap,first step of stream,80105,0.9835281846234083,1.9963797515760564,2.6954622058548154,0.5527994507209287,1.0
a1-a4,geometric cap,later step,43515,0.8683681821564104,0.7724003217281398,2.887073422957601,0.3162587613466621,1.0724807537630703
a1-a4,geometric cap,Sybil runs,45234,0.9978851431304918,0.2778662068355662,0.35214661537781317,0.08606358049254985,1.0043993456249725
a1-a4,geometric cap,other runs,78386,0.8802857472058992,2.308601025693364,4.154083637384227,0.6908248922001378,1.0376980583267421
a1 only,fixed H,first step of stream,80105,0.9440209243724282,0.6943261968666126,3.2831783284439173,0.6943261968666126,1.6943261968666126
a1 only,fixed H,later step,43515,0.8505420560747664,0.2395955417672067,2.8276686200160865,0.2395955417672067,1.2395955417672067
a1 only,fixed H,Sybil runs,45234,0.9951291772326697,0.10332935402573286,0.274881726135208,0.10332935402573286,1.103329354025733
a1 only,fixed H,other runs,78386,0.7523946705077422,0.7829331768428036,4.766297553134488,0.7829331768428036,1.7829331768428036
a1 only,geometric cap,first step of stream,80105,0.9439925139035102,0.6916422195867923,3.285987141876287,0.6916422195867923,1.6916422195867924
a1 only,geometric cap,later step,43515,0.8504337421477715,0.23803286223141445,2.830242445133862,0.23803286223141445,1.2380328622314145
a1 only,geometric cap,Sybil runs,45234,0.9951291772326697,0.1030198523234735,0.27457222443294865,0.1030198523234735,1.1030198523234735
a1 only,geometric cap,other runs,78386,0.7521527652675193,0.7795014415839563,4.770775393565177,0.7795014415839563,1.7795014415839563
