Step,Model,Seed,Features,F1,Recall,Precision,PR-AUC,ROC-AUC,ECE
G1 basic motion,RAVEN-X-GF,0,7.0,0.7649695244907432,0.7235236964266436,0.8114521870383973,0.8175760584946676,0.8787273641704696,0.06816635726521514
G1 basic motion,XGBoost,0,7.0,0.6767783424150072,0.6896397855266473,0.664387835757769,0.7094258633630848,0.8321657293005987,0.044669798013069195
G1 basic motion,RAVEN-X-GF,1,7.0,0.7556090905373202,0.7313901183921696,0.7814869499684708,0.8232039995388285,0.8822328049108156,0.07680122440448188
G1 basic motion,XGBoost,1,7.0,0.6758715720832478,0.6989600201518587,0.6542596909147254,0.7092519259587313,0.8317326003268597,0.04735758028627827
G1 basic motion,RAVEN-X-GF,2,7.0,0.7642282546473441,0.730231386519846,0.8015452311921822,0.8255047279551966,0.8820808777741238,0.08102084044445443
G1 basic motion,XGBoost,2,7.0,0.6722334316312277,0.7013710460973767,0.6454202265050666,0.7106072509035926,0.8321096777409388,0.04271127201060449
G2 + timing,RAVEN-X-GF,0,10.0,0.7901429200068877,0.7430709993162762,0.8435819919928099,0.8405655309940936,0.8888611195173595,0.0680703404688511
G2 + timing,XGBoost,0,10.0,0.676989214186443,0.6959012558926194,0.6590778962292445,0.730896934036322,0.8342327900659958,0.035013348594864324
G2 + timing,RAVEN-X-GF,1,10.0,0.7587886099321038,0.7423944726330562,0.7759231538802928,0.8281209012380372,0.8838662949017732,0.08393514905777169
G2 + timing,XGBoost,1,10.0,0.6699975018735949,0.6948936629601641,0.6468235625138171,0.7285990815721295,0.8344050248395216,0.042921307701185386
G2 + timing,RAVEN-X-GF,2,10.0,0.7768869813587626,0.7399618554104141,0.8176908944861099,0.8329322500172239,0.8827408281032234,0.0952689454993144
G2 + timing,XGBoost,2,10.0,0.681029945230813,0.6890928065061716,0.6731535838577003,0.7325785794870714,0.834529524409472,0.04104062872589328
G3 + self-consistency,RAVEN-X-GF,0,13.0,0.8540833699261211,0.7979128432113426,0.918761239423547,0.8877395389470504,0.9193015305189152,0.026027093478367295
G3 + self-consistency,XGBoost,0,13.0,0.7719476437073475,0.7493828493288711,0.7959135313632264,0.8144675285785103,0.878677394142712,0.011981583959395473
G3 + self-consistency,RAVEN-X-GF,1,13.0,0.8480755521145547,0.7962431177804167,0.907126048490911,0.886173003396965,0.9207421129386201,0.04703420766795337
G3 + self-consistency,XGBoost,1,13.0,0.7706501475272669,0.7556803051567167,0.7862250743184047,0.8143912181564315,0.8784302422044671,0.013946784172382492
G3 + self-consistency,RAVEN-X-GF,2,13.0,0.8520245796350087,0.794839684767354,0.9180757144994763,0.8845248800560138,0.9188742624253105,0.024406846364706317
G3 + self-consistency,XGBoost,2,13.0,0.7704208674096126,0.75154917413365,0.7902647232438814,0.8143758325746475,0.8786636690711593,0.01122788210108318
G4 + map/geometry,RAVEN-X-GF,0,15.0,0.8813871951788694,0.8494512217064306,0.9158183059685279,0.9206781878579646,0.9459106548465379,0.022498367877218737
G4 + map/geometry,XGBoost,0,15.0,0.8102647486715887,0.7495699737306128,0.8816548011072641,0.8587643645375823,0.9066022482058727,0.01817443304767628
G4 + map/geometry,RAVEN-X-GF,1,15.0,0.886096911769154,0.8433624815574507,0.9333933393339334,0.9210059175010524,0.9458089115947916,0.018858091917865593
G4 + map/geometry,XGBoost,1,15.0,0.8111805691968155,0.7578754183309943,0.8725514566968281,0.8587952202677183,0.9062616900489069,0.017349442507686594
G4 + map/geometry,RAVEN-X-GF,2,15.0,0.8707142777759255,0.8457950987800928,0.8971463906192745,0.9172603484058821,0.9441090679815252,0.04491949644958164
G4 + map/geometry,XGBoost,2,15.0,0.8122064996456579,0.7506063550325669,0.8848212846465143,0.8592454177069684,0.9063550978164862,0.01617632296041403
G5 + relative to receiver,RAVEN-X-GF,0,17.0,0.8538001048706595,0.8437655187304329,0.8640762387694485,0.912835222288824,0.9420077770506057,0.025902591710944084
G5 + relative to receiver,XGBoost,0,17.0,0.795410663065436,0.7693835690381086,0.823260327141669,0.8535714687354402,0.9060590921949461,0.032387406480176024
G5 + relative to receiver,RAVEN-X-GF,1,17.0,0.8819643033231437,0.8368203245888661,0.9322567971712863,0.9173751033339756,0.9445294366567649,0.0250453201057133
G5 + relative to receiver,XGBoost,1,17.0,0.793115604555457,0.7691100795278707,0.8186679332587679,0.8531843215369053,0.9059379695250863,0.036120405957807675
G5 + relative to receiver,RAVEN-X-GF,2,17.0,0.8835208918671215,0.8464428370938141,0.9239961345977075,0.9210684449955752,0.9454503490553947,0.015273126308483863
G5 + relative to receiver,XGBoost,2,17.0,0.799114804444043,0.7640721148655943,0.837526329491397,0.8554835434057069,0.9067524883362079,0.02859106997650922
