Set aside by,Set aside (%),F1 on rest,Error rate on rest,Attacks set aside (%)
uncertainty,0,0.8803 ± 0.0073,0.0449 ± 0.0032,0.0000 ± 0.0000
margin,0,0.8803 ± 0.0073,0.0449 ± 0.0032,0.0000 ± 0.0000
uncertainty,5,0.9025 ± 0.0125,0.0371 ± 0.0058,4.4720 ± 0.8970
margin,5,0.9069 ± 0.0088,0.0329 ± 0.0022,8.5583 ± 5.3782
uncertainty,10,0.9172 ± 0.0109,0.0325 ± 0.0051,7.1772 ± 0.8375
margin,10,0.8994 ± 0.0425,0.0305 ± 0.0041,19.8769 ± 17.4317
uncertainty,20,0.9379 ± 0.0061,0.0263 ± 0.0030,11.2076 ± 0.6250
margin,20,0.6128 ± 0.5310,0.0291 ± 0.0060,46.7950 ± 37.2419
uncertainty,30,0.9509 ± 0.0038,0.0230 ± 0.0020,14.2790 ± 0.4567
margin,30,0.3467 ± 0.5246,0.0265 ± 0.0027,64.4687 ± 43.8804
