Threshold,val Precision,val Recall,val F1,val FPR,val FNR,test Precision,test Recall,test F1,test FPR,test FNR
0.1,0.7060265874961895,0.9177664449881121,0.798091257088493,0.09713499925550272,0.08223355501188795,0.5968927775375096,0.9039116197056389,0.7189988493178917,0.1502351326218837,0.09608838029436108
0.2,0.8742206194600789,0.8938010406257537,0.8839024057793226,0.03268781038967864,0.10619895937424624,0.7786075551766357,0.8741732340134586,0.8236275360746446,0.061173449054598594,0.12582676598654144
0.3,0.9140113798008535,0.8856345405051514,0.8995992369752017,0.021178758178521693,0.11436545949484855,0.837267505089094,0.8643779912915183,0.8506067870915651,0.04134614533055839,0.13562200870848176
0.4,0.931248290325522,0.8797939423176321,0.9047901698308779,0.016510322235944327,0.12020605768236794,0.870537474265189,0.8581884918492929,0.8643188761919258,0.03140946729841031,0.14181150815070712
0.5,0.9483851663456324,0.8737293683884084,0.9095278662063401,0.012087132459205927,0.1262706316115916,0.8986680655019842,0.8507610925186225,0.8740586284535442,0.02360890935659567,0.14923890748137753
0.6,0.9535823544963553,0.8699906963922677,0.9098706259685034,0.010764554922002961,0.13000930360773233,0.9079280335761017,0.8469682248371658,0.8763893491608983,0.021138024177478634,0.15303177516283423
0.7,0.9575710319120612,0.8674925054271045,0.910308793751808,0.009770432071191458,0.13250749457289548,0.9138265318040599,0.8446507610925186,0.8778780126565234,0.019602355754328477,0.15534923890748137
0.8,0.962567152724482,0.8643568450432445,0.9108222436048728,0.008544201241996655,0.13564315495675544,0.9207670499291227,0.8414768433552845,0.8793381592554292,0.017820484435194614,0.15852315664471553
0.9,0.9714000665114733,0.8555356466007374,0.9097937908227297,0.006402676686724299,0.1444643533992626,0.9356238084466992,0.8335600417431358,0.8816479087134087,0.014115042288447063,0.16643995825686422
