Aggregator,Family,Scale (rounds),"flip rate, mean","flip rate, worst",wrongly accepted mean,wrongly accepted max,wrongly rejected mean,wrongly rejected max
FedAvg,attack boosted,0.1,0.0,0.0,0.0,0.0,0.0,0.0
FedAvg,attack boosted,0.3,0.0,0.0,0.0,0.0,0.0,0.0
FedAvg,attack boosted,1.0,0.0,0.0,0.0,0.0,0.0,0.0
FedAvg,attack boosted,3.0,0.00043638230512535296,0.0029947805253700693,5.133909472062976e-05,0.0002566954736031488,0.00038504321040472316,0.0029947805253700693
FedAvg,attack boosted,10.0,0.049653461110635747,0.1194489603833319,0.0054419440403867545,0.010952340207067682,0.04421151707024899,0.1183366133310516
FedAvg,attack boosted,30.0,0.35450500556173525,0.5932232394968768,0.03517583639941816,0.1431505091126893,0.31932916916231713,0.586549157183195
FedAvg,attack norm-matched,0.1,0.0,0.0,0.0,0.0,0.0,0.0
FedAvg,attack norm-matched,0.3,0.0,0.0,0.0,0.0,0.0,0.0
FedAvg,attack norm-matched,1.0,0.0,0.0,0.0,0.0,0.0,0.0
FedAvg,attack norm-matched,3.0,0.0004620518524856679,0.002224694104560623,9.41216736544879e-05,0.00034226063147086507,0.00036793017883117994,0.0018824334730897579
FedAvg,attack norm-matched,10.0,0.06195773081201335,0.1705313596303585,0.004372379567040301,0.008128689997433046,0.05758535124497305,0.16796440489432704
FedAvg,attack norm-matched,30.0,0.45792761187644393,0.682125438521434,0.018507743646787027,0.040900145460768374,0.4394198682296569,0.6756224865234877
FedAvg,gradient,0.1,0.003251475998973218,0.003251475998973218,0.0,0.0,0.003251475998973218,0.003251475998973218
FedAvg,gradient,0.3,0.3930007700864208,0.3930007700864208,0.00017113031573543253,0.00017113031573543253,0.39282963977068536,0.39282963977068536
FedAvg,gradient,1.0,0.7142979378796954,0.7142979378796954,0.00710190810302045,0.00710190810302045,0.707196029776675,0.707196029776675
FedAvg,gradient,3.0,0.7563959955506118,0.7563959955506118,0.03388380251561564,0.03388380251561564,0.7225121930349961,0.7225121930349961
FedAvg,gradient,10.0,0.8016599640626337,0.8016599640626337,0.0725592538718234,0.0725592538718234,0.7291007101908104,0.7291007101908104
FedAvg,gradient,30.0,0.42406092239240184,0.42406092239240184,0.13827329511422948,0.13827329511422948,0.2857876272781723,0.2857876272781723
FedAvg,random,0.1,0.0,0.0,0.0,0.0,0.0,0.0
FedAvg,random,0.3,0.0,0.0,0.0,0.0,0.0,0.0
FedAvg,random,1.0,0.0,0.0,0.0,0.0,0.0,0.0
FedAvg,random,3.0,0.0,0.0,0.0,0.0,0.0,0.0
FedAvg,random,10.0,0.015761102079233334,0.05202361598357149,0.001967998630957474,0.004877213998459827,0.013793103448275862,0.04714640198511166
FedAvg,random,30.0,0.18372550697356035,0.302472833062377,0.024899460939505437,0.031487978095319585,0.15882604603405495,0.2813382390690511
FedAvg,reverse,0.1,0.0,0.0,0.0,0.0,0.0,0.0
FedAvg,reverse,0.3,0.0,0.0,0.0,0.0,0.0,0.0
FedAvg,reverse,1.0,0.0,0.0,0.0,0.0,0.0,0.0
FedAvg,reverse,3.0,8.556515786771627e-05,8.556515786771627e-05,8.556515786771627e-05,8.556515786771627e-05,0.0,0.0
FedAvg,reverse,10.0,0.01600068452126294,0.01600068452126294,0.0037648669461795158,0.0037648669461795158,0.012235817575083427,0.012235817575083427
FedAvg,reverse,30.0,0.7291007101908104,0.7291007101908104,0.0,0.0,0.7291007101908104,0.7291007101908104
RS-WeightedTrim,attack boosted,0.1,0.0,0.0,0.0,0.0,0.0,0.0
RS-WeightedTrim,attack boosted,0.3,0.0,0.0,0.0,0.0,0.0,0.0
RS-WeightedTrim,attack boosted,1.0,2.5864298646435037e-05,0.00017242865764290026,2.5864298646435037e-05,0.00017242865764290026,0.0,0.0
RS-WeightedTrim,attack boosted,3.0,0.0011638934390895768,0.006379860332787309,0.0010604362445038366,0.006379860332787309,0.00010345719458574015,0.0008621432882145012
RS-WeightedTrim,attack boosted,10.0,0.0600655228899043,0.11345805672902837,0.010716441072506251,0.01974308130011208,0.04934908181739805,0.10604362445038365
RS-WeightedTrim,attack boosted,30.0,0.46288473144236575,0.5943615828950771,0.019372359686179844,0.03483058884386585,0.44351237175618585,0.5749633589102509
RS-WeightedTrim,attack norm-matched,0.1,0.0,0.0,0.0,0.0,0.0,0.0
RS-WeightedTrim,attack norm-matched,0.3,0.0,0.0,0.0,0.0,0.0,0.0
RS-WeightedTrim,attack norm-matched,1.0,8.621432882145014e-06,8.621432882145013e-05,8.621432882145014e-06,8.621432882145013e-05,0.0,0.0
RS-WeightedTrim,attack norm-matched,3.0,0.002069143891714803,0.0073282179498232606,0.0019570652642469178,0.0073282179498232606,0.00011207862746788517,0.0007759289593930512
RS-WeightedTrim,attack norm-matched,10.0,0.05241831192344167,0.10121562203638244,0.01277696353133891,0.02077765324596948,0.039641348392102774,0.09906026381584619
RS-WeightedTrim,attack norm-matched,30.0,0.38782653677041123,0.5377187688593844,0.027166135011638937,0.058884386585050436,0.36066040175877234,0.5278041210449177
RS-WeightedTrim,gradient,0.1,0.0004310716441072506,0.0004310716441072506,0.0004310716441072506,0.0004310716441072506,0.0,0.0
RS-WeightedTrim,gradient,0.3,0.12992499353392534,0.12992499353392534,0.010000862143288214,0.010000862143288214,0.11992413139063712,0.11992413139063712
RS-WeightedTrim,gradient,1.0,0.6688507629968101,0.6688507629968101,0.01344943529614622,0.01344943529614622,0.6554013277006638,0.6554013277006638
RS-WeightedTrim,gradient,3.0,0.7111819984481421,0.7111819984481421,0.0373308043796879,0.0373308043796879,0.6738511940684542,0.6738511940684542
RS-WeightedTrim,gradient,10.0,0.68549012845935,0.68549012845935,0.0,0.0,0.68549012845935,0.68549012845935
RS-WeightedTrim,gradient,30.0,0.47598930942322615,0.47598930942322615,0.04707302353651177,0.04707302353651177,0.4289162858867144,0.4289162858867144
RS-WeightedTrim,random,0.1,0.0,0.0,0.0,0.0,0.0,0.0
RS-WeightedTrim,random,0.3,0.0,0.0,0.0,0.0,0.0,0.0
RS-WeightedTrim,random,1.0,0.0,0.0,0.0,0.0,0.0,0.0
RS-WeightedTrim,random,3.0,0.0002069143891714803,0.0006035003017501509,0.0002069143891714803,0.0006035003017501509,0.0,0.0
RS-WeightedTrim,random,10.0,0.012035520303474437,0.025347012673506336,0.008138632640744891,0.016380722476075523,0.0038968876627295456,0.01370807828261057
RS-WeightedTrim,random,30.0,0.21067333390809556,0.3523579618932667,0.04124493490818174,0.06216053108026554,0.16942839899991377,0.3417535994482283
RS-WeightedTrim,reverse,0.1,0.0,0.0,0.0,0.0,0.0,0.0
RS-WeightedTrim,reverse,0.3,0.0,0.0,0.0,0.0,0.0,0.0
RS-WeightedTrim,reverse,1.0,0.0,0.0,0.0,0.0,0.0,0.0
RS-WeightedTrim,reverse,3.0,0.0007759289593930512,0.0007759289593930512,0.0007759289593930512,0.0007759289593930512,0.0,0.0
RS-WeightedTrim,reverse,10.0,0.011983791706181567,0.011983791706181567,0.00801793258039486,0.00801793258039486,0.003965859125786706,0.003965859125786706
RS-WeightedTrim,reverse,30.0,0.68549012845935,0.68549012845935,0.0,0.0,0.68549012845935,0.68549012845935
