Radius,Bin,Model,Seed,val PR-AUC,val F1,F1,PR-AUC,Recall,Precision,ECE,neighbours/vehicle,steps
50,1.0,RAVEN-X-GF,0,0.94233411562079,0.9188199278399358,0.8660555196901226,0.9166955927072109,0.8448162942171363,0.8883902217513056,0.04787882754665181,0.4742668774647923,1591412.0
50,1.0,RAVEN-X-GF,1,0.9392272227641728,0.9145165279037177,0.8773938376793365,0.9154760744746347,0.8334089028032675,0.9262802566112596,0.03919739969443167,0.4742668774647923,1591412.0
100,1.0,RAVEN-X-GF,0,0.9412902557245346,0.916709276844412,0.8812848266261228,0.9184563376034602,0.8406059951779481,0.9261009530756911,0.03671418547877383,0.7283393615229745,1591412.0
100,1.0,RAVEN-X-GF,1,0.9418120621482006,0.9172889979104206,0.8799743744347301,0.9177300368876673,0.8402965202058369,0.9235850176007594,0.052896250390263605,0.7283393615229745,1591412.0
150,1.0,RAVEN-X-GF,0,0.9429302692031691,0.917699535665972,0.8770313806825214,0.9182854498532993,0.8414912375400339,0.9157059615926819,0.01970770869565899,1.0201896177733987,1591412.0
150,1.0,RAVEN-X-GF,1,0.9423782930836311,0.9190715124803074,0.8675049997417108,0.9149361766629551,0.846039799920832,0.8900877571572435,0.06688867552521091,1.0201896177733987,1591412.0
250,1.0,RAVEN-X-GF,0,0.9443861997354008,0.9152542372881356,0.8734498874334073,0.919703403421656,0.8460541941055814,0.9026791267689992,0.024509203320058605,1.604412936436322,1591412.0
250,1.0,RAVEN-X-GF,1,0.941754856130188,0.9122489959839357,0.8788228833298616,0.9195110919264644,0.8350066573104465,0.9274922056119594,0.04772943537433419,1.604412936436322,1591412.0
150,0.5,RAVEN-X-GF,0,0.9453833312286128,0.9152788084842,0.881988117979259,0.9216185592172038,0.8451967431779025,0.9221283207640126,0.028077087054371324,0.9924564940438293,1603631.0
150,0.5,RAVEN-X-GF,1,0.9443368426740657,0.9184993531694696,0.8843502828962181,0.922372439450209,0.8458845106430278,0.9264811066640288,0.014920442024901712,0.9924564940438293,1603631.0
150,2.0,RAVEN-X-GF,0,0.9482925667742698,0.9169883641341547,0.8863744201494912,0.9305060303005164,0.8584697562768971,0.9161541213261173,0.04993625280809486,1.6392274990671232,887041.0
150,2.0,RAVEN-X-GF,1,0.9453356454995365,0.9114522168032164,0.8961361097585426,0.9326509770111191,0.8457537683008586,0.9529013315790115,0.008039571967423434,1.6392274990671232,887041.0
