Test,Model,Seed,F1,Recall,PR-AUC,ECE,in-domain F1,in-domain Recall,in-domain PR-AUC,in-domain ECE,ΔF1 (cross - in)
Urban → Highway,RandomForest,0,0.8146160765436131,0.8180109640103497,0.8572079340354668,0.0680806172668342,0.8659354448517255,0.8163700309069594,0.8919425697570513,0.0306988195132081,-0.0513193683081123
Urban → Highway,XGBoost,0,0.8047806831590615,0.8202157400706986,0.8589354359225604,0.0349342043144891,0.865612927875023,0.8149312586592774,0.8940673391385011,0.0068848155388209,-0.0608322447159614
Urban → Highway,GRU,0,0.7951840251070718,0.8382782443006409,0.862344870212678,0.042205735974408,0.8867942086104497,0.8632846637535969,0.9260045341986822,0.0094682245835735,-0.0916101835033779
Urban → Highway,GAT,0,0.725769969348942,0.8185263662062754,0.8619456678167182,0.0592150708771612,0.8787931004773146,0.8152882873281466,0.9074396448081932,0.0059944272768647,-0.1530231311283726
Urban → Highway,RAVEN-X,0,0.8048116984418368,0.8359459192120073,0.8930994484898955,0.0562414292833084,0.907833302579415,0.8651603964616861,0.9404004430614932,0.0108146031108754,-0.1030216041375782
Urban → Highway,RAVEN-X-GF,0,0.772698453834869,0.8692440247184811,0.8991859933721879,0.0749900977845985,0.917713909839894,0.8847117126718533,0.943359876124722,0.0172043895329401,-0.145015456005025
Low → High density,RandomForest,0,0.8123954880627688,0.7786037900506074,0.8583084204695434,0.1834083806425635,0.798681907115642,0.7814890784123214,0.8465367881977797,0.1379699549778842,0.0137135809471268
Low → High density,XGBoost,0,0.8208019302254204,0.7851978419466522,0.8669143074714921,0.0374334607957802,0.7960117611580217,0.7598906041959048,0.85396262659252,0.0299284884186467,0.0247901690673986
Low → High density,GRU,0,0.7152770884596832,0.8374894482935801,0.7868443141352818,0.0628483972931035,0.8243023929191898,0.8297959624311778,0.8853828071577811,0.01588321386482,-0.1090253044595066
Low → High density,GAT,0,0.6022062166358342,0.8588783179254632,0.8424361831367294,0.2184083218959245,0.8417568023498124,0.7631364928568858,0.8747804284329657,0.0189815858432435,-0.2395505857139782
Low → High density,RAVEN-X,0,0.6814463874247414,0.859885572605935,0.8377240199542044,0.1485547916656563,0.8672154549984825,0.8328907121522905,0.9142169213231064,0.0364205116220009,-0.1857690675737411
Low → High density,RAVEN-X-GF,0,0.6676280850961016,0.9014603153889756,0.888384066311194,0.157093858769076,0.8714668131982372,0.8446507610925186,0.9182895272655348,0.0331931024216126,-0.2038387281021355
highway_2 → urban_2,XGBoost,0,0.8519964061511439,0.785772141106256,0.8860621366710035,0.0136251439880714,0.7960117611580217,0.7598906041959048,0.85396262659252,0.0299284884186467,0.0559846449931221
highway_2 → urban_2,RAVEN-X,0,0.8891498612598047,0.8674304593413621,0.9334165255793682,0.0309683270740994,0.8672154549984825,0.8328907121522905,0.9142169213231064,0.0364205116220009,0.0219344062613221
highway_2 → urban_2,RAVEN-X-GF,0,0.9048018781461838,0.8759138868165832,0.9386737613130832,0.0324305521470732,0.8745126678276501,0.8402893231134622,0.9177998373006786,0.0406491207663365,0.0302892103185337
highway_7 → highway_2,XGBoost,0,0.8086774816878624,0.7770916549713915,0.8579110606007223,0.0071921062182142,0.8545756145766942,0.8392959819917544,0.8778303369104614,0.0345658637263559,-0.0458981328888318
highway_7 → highway_2,RAVEN-X,0,0.8474474298208285,0.831278563460362,0.904232549886661,0.0297896080862542,0.8386005435891576,0.8379747248400422,0.9157692208168912,0.0292691120062252,0.0088468862316709
highway_7 → highway_2,RAVEN-X-GF,0,0.872307016825796,0.843628773975314,0.9128340461346934,0.0807894270880903,0.8758400159884084,0.8578139718865839,0.9305765222114328,0.0486910713059871,-0.0035329991626124
highway_7 → urban_2,XGBoost,0,0.8628230391797049,0.8143024618991793,0.8867732311262246,0.0170715889782386,0.8545756145766942,0.8392959819917544,0.8778303369104614,0.0345658637263559,0.0082474246030107
highway_7 → urban_2,RAVEN-X,0,0.8865251898330668,0.8669508685921347,0.9316090329756505,0.0198760517361958,0.8386005435891576,0.8379747248400422,0.9157692208168912,0.0292691120062252,0.0479246462439092
highway_7 → urban_2,RAVEN-X-GF,0,0.8994337479674576,0.8798571885324523,0.9359900497265252,0.0672095000888434,0.8826830549249484,0.8498660392054515,0.9288903495133484,0.0393207210734661,0.0167506930425092
urban_2 → highway_2,XGBoost,0,0.7750424538881353,0.7834178991687358,0.8394750801738828,0.0393935676217409,0.865612927875023,0.8149312586592774,0.8940673391385011,0.0068848155388209,-0.0905704739868876
urban_2 → highway_2,RAVEN-X,0,0.8402179683813119,0.8200870848177336,0.8868355590962692,0.0346783406576756,0.908590658712043,0.8675476926356176,0.9391332059115594,0.0138860881643244,-0.0683726903307311
urban_2 → highway_2,RAVEN-X-GF,0,0.8646064410419091,0.8317103890028429,0.9065138206170906,0.0257876299788954,0.9132135954367604,0.8774485772141106,0.9425476230781596,0.0162987199457634,-0.0486071543948514
urban_2 → highway_7,XGBoost,0,0.8214148454224125,0.8410658141023811,0.8695755715527735,0.0326719903997103,0.865612927875023,0.8149312586592774,0.8940673391385011,0.0068848155388209,-0.0441980824526104
urban_2 → highway_7,RAVEN-X,0,0.8064591865012163,0.8544578156030682,0.9052709350664864,0.048856585737378,0.915123151749348,0.8757966535223276,0.9413380269644432,0.0090054401897793,-0.1086639652481316
urban_2 → highway_7,RAVEN-X-GF,0,0.7773909298110228,0.8832237043320107,0.911799980113408,0.0979527768187356,0.9192537963844486,0.8824096770755622,0.9438190894183276,0.0092565705133237,-0.1418628665734258
Urban → Highway,RandomForest,1,0.8112148381251106,0.8226704081048297,0.8579151078593019,0.0668890749660286,0.8650684410967464,0.8188532452307364,0.8917656423449178,0.0308119498284954,-0.0538536029716357
Urban → Highway,XGBoost,1,0.8078763687098445,0.8184404658402878,0.8590309586745076,0.0365451686358189,0.865628134136051,0.8117766172865821,0.8937316120132994,0.0068667192163966,-0.0577517654262065
Urban → Highway,GRU,1,0.8193344315484207,0.8512544056475586,0.8738344466108333,0.04338185906842,0.8944564158168518,0.8681818181818182,0.9306796955577334,0.0098666161653472,-0.075121984268431
Urban → Highway,GAT,1,0.7428008884202552,0.8013436899673578,0.8603720512656228,0.0663227147458255,0.8811414285098496,0.8169668549504423,0.910733050181051,0.0076976348720392,-0.1383405400895944
Urban → Highway,RAVEN-X,1,0.7502097583219334,0.8565099462211648,0.8904384579853823,0.077444065984054,0.9111691722942422,0.8724981349248642,0.9413861926766208,0.0105220266236202,-0.1609594139723088
Urban → Highway,RAVEN-X-GF,1,0.7876886772090882,0.8549741517989619,0.892163379279915,0.0826633705505812,0.917736929788882,0.8776990301609293,0.9429904963640026,0.0080463011135523,-0.1300482525797937
Low → High density,RandomForest,1,0.7969808867107613,0.7397653545169459,0.8575845871706415,0.1831030950309305,0.8059985214911818,0.7689949260498758,0.8498253589192241,0.136248856968823,-0.0090176347804205
Low → High density,XGBoost,1,0.8112848576392758,0.8016442311221307,0.8601211320805355,0.0436722340938734,0.7931007925360052,0.7782000071970924,0.8544309792973451,0.0338965290949951,0.0181840651032706
Low → High density,GRU,1,0.7143726261365062,0.7781144355499733,0.8025760835009271,0.0975933639535499,0.830901242875679,0.8042390874086869,0.8947182886497158,0.0328445691560775,-0.1165286167391728
Low → High density,GAT,1,0.525564234846056,0.8823836457725888,0.8011453237822383,0.3018392754427017,0.8411163173557905,0.7648350066573104,0.8763553999828385,0.0190787631401064,-0.3155520825097345
Low → High density,RAVEN-X,1,0.5923092017529691,0.9047267566807085,0.74968170514604,0.2603397800273447,0.8696664373880377,0.8280686602612545,0.9162387393024884,0.0378855573803418,-0.2773572356350686
Low → High density,RAVEN-X-GF,1,0.651824221227993,0.8736527458904417,0.8341830077876917,0.2133836375575494,0.8803606948680547,0.8361509949980208,0.9186881182687628,0.0350388434053349,-0.2285364736400617
highway_2 → urban_2,XGBoost,1,0.8538710806251084,0.7996589576894384,0.8854589379502434,0.0154079801670678,0.7931007925360052,0.7782000071970924,0.8544309792973451,0.0338965290949951,0.0607702880891032
highway_2 → urban_2,RAVEN-X,1,0.889909308814135,0.8685175317062773,0.9337299771357996,0.0197042066373124,0.8704447374730281,0.8361581920903954,0.9173782299572032,0.0247777395533234,0.0194645713411069
highway_2 → urban_2,RAVEN-X-GF,1,0.898763798599227,0.8759618458915059,0.93655869366891,0.037104803510678,0.8733210173729683,0.8420670049300083,0.9184866055154464,0.0450899889350063,0.0254427812262586
highway_7 → highway_2,XGBoost,1,0.8053446570104159,0.7821224225412933,0.8571995851323368,0.0079815133617102,0.8478268884910507,0.8439407717936066,0.8770983794311843,0.0352191512671061,-0.0424822314806347
highway_7 → highway_2,RAVEN-X,1,0.8482901300370314,0.821857569541905,0.901407503980666,0.0593726230966717,0.8354630693551092,0.8331872066421717,0.9121585642346692,0.0628252979986131,0.0128270606819221
highway_7 → highway_2,RAVEN-X-GF,1,0.8625882834125784,0.8499982007269063,0.9107776042773368,0.0726999985979633,0.8653990198607171,0.8551347559956122,0.925148223537429,0.0450757977797003,-0.0028107364481386
highway_7 → urban_2,XGBoost,1,0.8593735181724359,0.8208835127357987,0.8878466551993982,0.0170403032282745,0.8478268884910507,0.8439407717936066,0.8770983794311843,0.0352191512671061,0.0115466296813852
highway_7 → urban_2,RAVEN-X,1,0.8851391097845269,0.86597037194927,0.9282841476975996,0.0434579793770916,0.8219034803711299,0.8555996427712146,0.9056922659328516,0.0667042284611695,0.063235629413397
highway_7 → urban_2,RAVEN-X-GF,1,0.8960336636351296,0.8793935841415326,0.9352324131240476,0.052944921394662,0.8479322592289023,0.8669485892317542,0.92748274767062,0.0531133503097917,0.0481014044062273
urban_2 → highway_2,XGBoost,1,0.7788062078911682,0.7811939976249596,0.8405424099782606,0.0400372117216096,0.865628134136051,0.8117766172865821,0.8937316120132994,0.0068667192163966,-0.0868219262448828
urban_2 → highway_2,RAVEN-X,1,0.8644070321811681,0.8351362049731909,0.9067961325956748,0.0177434953559428,0.9125290654117438,0.8762389427688373,0.9402204896727384,0.0039537393075294,-0.0481220332305757
urban_2 → highway_2,RAVEN-X-GF,1,0.8821243080383433,0.8354960595919249,0.9159580497741308,0.0149215758535078,0.9175463924981988,0.8788393903868699,0.9436910025679748,0.005558921935586,-0.0354220844598555
urban_2 → highway_7,XGBoost,1,0.8240942924563233,0.8395447371962433,0.8694088198704051,0.0365446809922649,0.865628134136051,0.8117766172865821,0.8937316120132994,0.0068667192163966,-0.0415338416797277
urban_2 → highway_7,RAVEN-X,1,0.7092010201474234,0.8884801872596556,0.894092451711003,0.1426025004682037,0.9115366241153664,0.8744164979217735,0.9404690425132108,0.0131329877148493,-0.2023356039679429
urban_2 → highway_7,RAVEN-X-GF,1,0.7149083945708499,0.8571329535398681,0.8683743683420615,0.1222812481263681,0.918217722707796,0.87527443248428,0.9417559696911982,0.0113278019203244,-0.203309328136946
Urban → Highway,RandomForest,2,0.8128300319925519,0.8204057620924288,0.8577184350689834,0.0672124211500813,0.8653502516896748,0.8180432697431526,0.89178238199973,0.0306057651808212,-0.0525202196971229
Urban → Highway,XGBoost,2,0.8112734321135409,0.8116725582170208,0.8593811650167009,0.0333976752991542,0.865743121992479,0.8072364915272301,0.8938805940523622,0.0067691882208518,-0.0544696898789381
Urban → Highway,GRU,2,0.8165472906088743,0.8470791272522815,0.8786814506526791,0.0382957429372034,0.8941188139543854,0.8646594905680486,0.9306065199888678,0.0102743640188925,-0.0775715233455111
Urban → Highway,GAT,2,0.660786577036302,0.8285194421161686,0.8521085006807986,0.1226348826485072,0.8819072569476503,0.8144037088351274,0.9107072823485222,0.0094297501473304,-0.2211206799113483
Urban → Highway,RAVEN-X,2,0.7388754884571366,0.8436196852402347,0.8755063629859524,0.0698966777312431,0.9055740514144432,0.8617020142811468,0.9395142012181332,0.0057608249951263,-0.1666985629573066
Urban → Highway,RAVEN-X-GF,2,0.791736868037446,0.8574782776195707,0.883690829787531,0.0775242807255978,0.919898136680536,0.8806458488756261,0.9433800291532788,0.0136497139662632,-0.1281612686430899
Low → High density,RandomForest,2,0.8014430878435252,0.7532593048719318,0.8591477425211077,0.1858653565093304,0.8036567846415045,0.7750404836446075,0.8489775762539993,0.1384873042122774,-0.0022136967979792
Low → High density,XGBoost,2,0.8266084417687917,0.8012527475216233,0.8664892019388372,0.0405143922768936,0.7995702769910374,0.7659865414372593,0.8556766280404176,0.0298345137459634,0.0270381647777542
Low → High density,GRU,2,0.7914771555153884,0.8214019190852333,0.8597632374194016,0.042195490276797,0.8338429356006078,0.8233617618482133,0.8961229132056895,0.0167148615359679,-0.0423657800852194
Low → High density,GAT,2,0.5859808371154815,0.8647913514747921,0.8520609051842087,0.2064722815388776,0.8449396177374877,0.7674115657274461,0.8773540959885932,0.0174680318230856,-0.2589587806220061
Low → High density,RAVEN-X,2,0.6781332486266062,0.8575203591862035,0.8472703839674929,0.1680222460657681,0.8669335468374699,0.8182662204469394,0.912334107799582,0.0351676794933525,-0.1888002982108637
Low → High density,RAVEN-X-GF,2,0.7221282330915595,0.8816292242507778,0.8744337252066826,0.1531571853295245,0.8876178567155654,0.8276224405340242,0.9206333594039242,0.0215645776158323,-0.1654896236240058
highway_2 → urban_2,XGBoost,2,0.8531095352571006,0.7913993392305233,0.884821458371812,0.0158645218090669,0.7995702769910374,0.7659865414372593,0.8556766280404176,0.0298345137459634,0.0535392582660632
highway_2 → urban_2,RAVEN-X,2,0.8856726979453512,0.8543749333901737,0.9298826722820276,0.0313666144341731,0.8669335468374699,0.8182662204469394,0.912334107799582,0.0351676794933525,0.0187391511078812
highway_2 → urban_2,RAVEN-X-GF,2,0.9042577738710031,0.8770808909730363,0.9368358537115256,0.0149326082323652,0.8782980388615463,0.8399726510489762,0.9169948509294108,0.0149026770058759,0.0259597350094568
highway_7 → highway_2,XGBoost,2,0.8085836393186059,0.7734283349526792,0.8572482431016322,0.0079777098300375,0.8554412110394811,0.8384681572948484,0.8769778994286279,0.0368570818748562,-0.0468575717208752
highway_7 → highway_2,RAVEN-X,2,0.8572406231373213,0.8384108820036705,0.9045776196715836,0.0433391834930709,0.8252897162971545,0.8408904620729872,0.8902937717437792,0.0429292143595395,0.0319509068401667
highway_7 → highway_2,RAVEN-X-GF,2,0.8559283469970024,0.8528482493072799,0.9102833608024136,0.0625079904751083,0.8752395297267896,0.8530713111846049,0.9232091248166991,0.0401870191705759,-0.0193111827297872
highway_7 → urban_2,XGBoost,2,0.8630611847067897,0.8139454332303101,0.8877304469333483,0.0172638289954635,0.8554412110394811,0.8384681572948484,0.8769778994286279,0.0368570818748562,0.0076199736673085
highway_7 → urban_2,RAVEN-X,2,0.8950289004625174,0.867227965469466,0.9328055725874758,0.0286841464130966,0.8342527021224578,0.8279674253020745,0.897971400892483,0.0382536191929826,0.0607761983400595
highway_7 → urban_2,RAVEN-X-GF,2,0.900841276003138,0.8841575189171906,0.9366938702849118,0.0503943777584052,0.8415381451778737,0.8761525317978477,0.926596700021844,0.0498385055868084,0.0593031308252643
urban_2 → highway_2,XGBoost,2,0.7743640210953581,0.7730181006873224,0.8379830229925909,0.0406265433314507,0.865743121992479,0.8072364915272301,0.8938805940523622,0.0067691882208518,-0.0913791008971209
urban_2 → highway_2,RAVEN-X,2,0.8581777065862621,0.8193745726726402,0.9024683604148808,0.0147172975516406,0.9097330866733648,0.866071618885218,0.9395509375663624,0.0049664726845416,-0.0515553800871028
urban_2 → highway_2,RAVEN-X-GF,2,0.850195670319902,0.8466803411421786,0.9080262936810504,0.0340832061545928,0.914904462108584,0.884738356602366,0.9429002359963676,0.0133599985488241,-0.0647087917886819
urban_2 → highway_7,XGBoost,2,0.8321137872148144,0.8335746122885072,0.8707982538879437,0.0314078464168217,0.865743121992479,0.8072364915272301,0.8938805940523622,0.0067691882208518,-0.0336293347776646
urban_2 → highway_7,RAVEN-X,2,0.693102342814216,0.8860619604356886,0.8781496852753138,0.1258908632468154,0.917250043875166,0.8772993712032399,0.9422891419058804,0.0087381428754004,-0.22414770106095
urban_2 → highway_7,RAVEN-X-GF,2,0.6989438497919704,0.8816740817466693,0.8839398243234672,0.1039691700845212,0.9176906653851148,0.8852712352126185,0.9437413024763832,0.0121837242104422,-0.2187468155931442
highway_2 → highway_7,XGBoost,0,0.8208019302254204,0.7851978419466522,0.8669143074714921,0.0374334607957802,0.7960117611580217,0.7598906041959048,0.85396262659252,0.0299284884186467,0.0247901690673986
highway_2 → highway_7,RAVEN-X,0,0.6814463874247414,0.859885572605935,0.8377240199542044,0.1485547916656563,0.8672154549984825,0.8328907121522905,0.9142169213231064,0.0364205116220009,-0.1857690675737411
highway_2 → highway_7,RAVEN-X-GF,0,0.6676280850961016,0.9014603153889756,0.888384066311194,0.157093858769076,0.8714668131982372,0.8446507610925186,0.9182895272655348,0.0331931024216126,-0.2038387281021355
highway_2 → highway_7,XGBoost,1,0.8112848576392758,0.8016442311221307,0.8601211320805355,0.0436722340938734,0.7931007925360052,0.7782000071970924,0.8544309792973451,0.0338965290949951,0.0181840651032706
highway_2 → highway_7,RAVEN-X,1,0.5923092017529691,0.9047267566807085,0.74968170514604,0.2603397800273447,0.8696664373880377,0.8280686602612545,0.9162387393024884,0.0378855573803418,-0.2773572356350686
highway_2 → highway_7,RAVEN-X-GF,1,0.651824221227993,0.8736527458904417,0.8341830077876917,0.2133836375575494,0.8803606948680547,0.8361509949980208,0.9186881182687628,0.0350388434053349,-0.2285364736400617
highway_2 → highway_7,XGBoost,2,0.8266084417687917,0.8012527475216233,0.8664892019388372,0.0405143922768936,0.7995702769910374,0.7659865414372593,0.8556766280404176,0.0298345137459634,0.0270381647777542
highway_2 → highway_7,RAVEN-X,2,0.6781332486266062,0.8575203591862035,0.8472703839674929,0.1680222460657681,0.8669335468374699,0.8182662204469394,0.912334107799582,0.0351676794933525,-0.1888002982108637
highway_2 → highway_7,RAVEN-X-GF,2,0.7221282330915595,0.8816292242507778,0.8744337252066826,0.1531571853295245,0.8876178567155654,0.8276224405340242,0.9206333594039242,0.0215645776158323,-0.1654896236240058
